"","GO.IDs","term","ontology","over_represented_pvalue","GO.Term","GO.Slim.Term","Cat","Species","Site"
"48","GO:0000055","ribosomal large subunit export from nucleus","BP",0.020514623,"ribosomal large subunit export from nucleus","transport","P","A.cervicornis","Florida"
"187","GO:0000183","rDNA heterochromatin assembly","BP",0.044079209,"chromatin silencing at rDNA","RNA metabolism","P","A.cervicornis","Florida"
"387","GO:0000398","mRNA splicing, via spliceosome","BP",0.034957595,"nuclear mRNA splicing, via spliceosome","RNA metabolism","P","A.cervicornis","Florida"
"401","GO:0000412","histone peptidyl-prolyl isomerization","BP",0.030716833,"histone peptidyl-prolyl isomerization","cell organization and biogenesis","P","A.cervicornis","Florida"
"402","GO:0000412","histone peptidyl-prolyl isomerization","BP",0.030716833,"histone peptidyl-prolyl isomerization","protein metabolism","P","A.cervicornis","Florida"
"462","GO:0000463","maturation of LSU-rRNA from tricistronic rRNA transcript (SSU-rRNA, 5.8S rRNA, LSU-rRNA)","BP",0.048184647,"maturation of LSU-rRNA from tricistronic rRNA transcript (SSU-rRNA, 5.8S rRNA, LSU-rRNA)","RNA metabolism","P","A.cervicornis","Florida"
"544","GO:0000720","pyrimidine dimer repair by nucleotide-excision repair","BP",0.023199075,"pyrimidine dimer repair by nucleotide-excision repair","DNA metabolism","P","A.cervicornis","Florida"
"545","GO:0000720","pyrimidine dimer repair by nucleotide-excision repair","BP",0.023199075,"pyrimidine dimer repair by nucleotide-excision repair","stress response","P","A.cervicornis","Florida"
"855","GO:0001550","ovarian cumulus expansion","BP",0.031712692,"ovarian cumulus expansion","developmental processes","P","A.cervicornis","Florida"
"954","GO:0001675","acrosome assembly","BP",0.042846884,"acrosome assembly","cell organization and biogenesis","P","A.cervicornis","Florida"
"1015","GO:0001744","optic lobe placode formation","BP",0.021408568,"optic lobe placode formation","developmental processes","P","A.cervicornis","Florida"
"1017","GO:0001746","Bolwig's organ morphogenesis","BP",0.021408568,"Bolwig's organ morphogenesis","developmental processes","P","A.cervicornis","Florida"
"1032","GO:0001763","morphogenesis of a branching structure","BP",0.027822697,"morphogenesis of a branching structure","other biological processes","P","A.cervicornis","Florida"
"1093","GO:0001818","negative regulation of cytokine production","BP",0.045218401,"negative regulation of cytokine production","other biological processes","P","A.cervicornis","Florida"
"1227","GO:0001934","positive regulation of protein phosphorylation","BP",0.008243205,"positive regulation of protein amino acid phosphorylation","protein metabolism","P","A.cervicornis","Florida"
"1231","GO:0001938","positive regulation of endothelial cell proliferation","BP",0.020910948,"positive regulation of endothelial cell proliferation","cell cycle and proliferation","P","A.cervicornis","Florida"
"1245","GO:0001953","negative regulation of cell-matrix adhesion","BP",0.028053253,"negative regulation of cell-matrix adhesion","cell adhesion","P","A.cervicornis","Florida"
"1370","GO:0002063","chondrocyte development","BP",0.017488452,"chondrocyte development","developmental processes","P","A.cervicornis","Florida"
"1464","GO:0002165","instar larval or pupal development","BP",0.032890629,"instar larval or pupal development","developmental processes","P","A.cervicornis","Florida"
"1496","GO:0002227","innate immune response in mucosa","BP",0.02140892,"innate immune response in mucosa","stress response","P","A.cervicornis","Florida"
"1522","GO:0002253","activation of immune response","BP",0.047518818,"activation of immune response","other biological processes","P","A.cervicornis","Florida"
"1549","GO:0002280","monocyte activation involved in immune response","BP",0.045156981,"monocyte activation during immune response","other biological processes","P","A.cervicornis","Florida"
"1874","GO:0002574","thrombocyte differentiation","BP",0.026292165,"thrombocyte differentiation","developmental processes","P","A.cervicornis","Florida"
"1906","GO:0002606","positive regulation of dendritic cell antigen processing and presentation","BP",0.02140892,"positive regulation of dendritic cell antigen processing and presentation","other biological processes","P","A.cervicornis","Florida"
"2034","GO:0002732","positive regulation of dendritic cell cytokine production","BP",0.02140892,"positive regulation of dendritic cell cytokine production","other biological processes","P","A.cervicornis","Florida"
"2149","GO:0002821","positive regulation of adaptive immune response","BP",0.023199075,"positive regulation of adaptive immune response","other biological processes","P","A.cervicornis","Florida"
"2158","GO:0002830","positive regulation of type 2 immune response","BP",0.02140892,"positive regulation of T-helper 2 type immune response","other biological processes","P","A.cervicornis","Florida"
"2265","GO:0002925","positive regulation of humoral immune response mediated by circulating immunoglobulin","BP",0.02140892,"positive regulation of humoral immune response mediated by circulating immunoglobulin","other biological processes","P","A.cervicornis","Florida"
"4382","GO:0006269","DNA replication, synthesis of RNA primer","BP",0.044497493,"DNA replication, synthesis of RNA primer","RNA metabolism","P","A.cervicornis","Florida"
"4383","GO:0006269","DNA replication, synthesis of RNA primer","BP",0.044497493,"DNA replication, synthesis of RNA primer","DNA metabolism","P","A.cervicornis","Florida"
"4469","GO:0006346","DNA methylation-dependent heterochromatin assembly","BP",0.044113717,"methylation-dependent chromatin silencing","RNA metabolism","P","A.cervicornis","Florida"
"4470","GO:0006346","DNA methylation-dependent heterochromatin assembly","BP",0.044113717,"methylation-dependent chromatin silencing","cell organization and biogenesis","P","A.cervicornis","Florida"
"4493","GO:0006367","transcription initiation from RNA polymerase II promoter","BP",0.011477729,"transcription initiation from RNA polymerase II promoter","cell organization and biogenesis","P","A.cervicornis","Florida"
"4494","GO:0006367","transcription initiation from RNA polymerase II promoter","BP",0.011477729,"transcription initiation from RNA polymerase II promoter","RNA metabolism","P","A.cervicornis","Florida"
"4522","GO:0006398","mRNA 3'-end processing by stem-loop binding and cleavage","BP",0.03432239,"histone mRNA 3'-end processing","RNA metabolism","P","A.cervicornis","Florida"
"4725","GO:0006606","protein import into nucleus","BP",0.010483073,"protein import into nucleus","transport","P","A.cervicornis","Florida"
"4759","GO:0006638","neutral lipid metabolic process","BP",0.023669888,"neutral lipid metabolic process","other metabolic processes","P","A.cervicornis","Florida"
"4763","GO:0006642","triglyceride mobilization","BP",0.023199075,"triglyceride mobilization","other metabolic processes","P","A.cervicornis","Florida"
"4784","GO:0006664","glycolipid metabolic process","BP",0.045450337,"glycolipid metabolic process","other metabolic processes","P","A.cervicornis","Florida"
"4884","GO:0006777","Mo-molybdopterin cofactor biosynthetic process","BP",0.023879772,"Mo-molybdopterin cofactor biosynthetic process","protein metabolism","P","A.cervicornis","Florida"
"4973","GO:0006887","exocytosis","BP",0.037719625,"exocytosis","transport","P","A.cervicornis","Florida"
"5005","GO:0006915","apoptotic process","BP",0.032676852,"apoptosis","death","P","A.cervicornis","Florida"
"5039","GO:0006952","defense response","BP",0.034325645,"defense response","stress response","P","A.cervicornis","Florida"
"5041","GO:0006954","inflammatory response","BP",0.045397275,"inflammatory response","stress response","P","A.cervicornis","Florida"
"5055","GO:0006965","positive regulation of biosynthetic process of antibacterial peptides active against Gram-positive bacteria","BP",0.02140892,"positive regulation of biosynthetic process of antibacterial peptides active against Gram-positive bacteria","stress response","P","A.cervicornis","Florida"
"5056","GO:0006965","positive regulation of biosynthetic process of antibacterial peptides active against Gram-positive bacteria","BP",0.02140892,"positive regulation of biosynthetic process of antibacterial peptides active against Gram-positive bacteria","other metabolic processes","P","A.cervicornis","Florida"
"5100","GO:0006996","organelle organization","BP",0.003994456,"organelle organization","cell organization and biogenesis","P","A.cervicornis","Florida"
"5129","GO:0007030","Golgi organization","BP",0.016914428,"Golgi organization","cell organization and biogenesis","P","A.cervicornis","Florida"
"5541","GO:0007390","germ-band shortening","BP",0.032890629,"germ-band shortening","developmental processes","P","A.cervicornis","Florida"
"5611","GO:0007458","progression of morphogenetic furrow involved in compound eye morphogenesis","BP",0.032890629,"progression of morphogenetic furrow during compound eye morphogenesis","developmental processes","P","A.cervicornis","Florida"
"5653","GO:0007501","mesodermal cell fate specification","BP",0.042735035,"mesodermal cell fate specification","developmental processes","P","A.cervicornis","Florida"
"5736","GO:0007591","molting cycle, chitin-based cuticle","BP",0.032890629,"molting cycle, chitin-based cuticle","other biological processes","P","A.cervicornis","Florida"
"5753","GO:0007610","behavior","BP",0.029789836,"behavior","other biological processes","P","A.cervicornis","Florida"
"5754","GO:0007611","learning or memory","BP",0.016329401,"learning or memory","other biological processes","P","A.cervicornis","Florida"
"5985","GO:0008258","head involution","BP",0.032890629,"head involution","developmental processes","P","A.cervicornis","Florida"
"6087","GO:0008362","chitin-based embryonic cuticle biosynthetic process","BP",0.032890629,"chitin-based embryonic cuticle biosynthetic process","developmental processes","P","A.cervicornis","Florida"
"6850","GO:0009247","glycolipid biosynthetic process","BP",0.045450337,"glycolipid biosynthetic process","other metabolic processes","P","A.cervicornis","Florida"
"6870","GO:0009267","cellular response to starvation","BP",0.045587819,"cellular response to starvation","stress response","P","A.cervicornis","Florida"
"7030","GO:0009452","7-methylguanosine RNA capping","BP",0.034668541,"RNA capping","RNA metabolism","P","A.cervicornis","Florida"
"7157","GO:0009629","response to gravity","BP",0.045584324,"response to gravity","other biological processes","P","A.cervicornis","Florida"
"7317","GO:0009792","embryo development ending in birth or egg hatching","BP",0.029388933,"embryonic development ending in birth or egg hatching","developmental processes","P","A.cervicornis","Florida"
"7437","GO:0009909","regulation of flower development","BP",0.030716833,"regulation of flower development","developmental processes","P","A.cervicornis","Florida"
"7462","GO:0009933","meristem structural organization","BP",0.030716833,"meristem structural organization","developmental processes","P","A.cervicornis","Florida"
"7494","GO:0009967","positive regulation of signal transduction","BP",0.02321327,"positive regulation of signal transduction","signal transduction","P","A.cervicornis","Florida"
"7568","GO:0010046","response to mycotoxin","BP",0.023199075,"response to mycotoxin","other biological processes","P","A.cervicornis","Florida"
"7605","GO:0010082","regulation of root meristem growth","BP",0.030716833,"regulation of root meristem growth","developmental processes","P","A.cervicornis","Florida"
"7676","GO:0010154","fruit development","BP",0.021410748,"fruit development","other biological processes","P","A.cervicornis","Florida"
"7825","GO:0010305","leaf vascular tissue pattern formation","BP",0.030716833,"leaf vascular tissue pattern formation","developmental processes","P","A.cervicornis","Florida"
"7858","GO:0010338","leaf formation","BP",0.030716833,"leaf formation","developmental processes","P","A.cervicornis","Florida"
"7878","GO:0010358","leaf shaping","BP",0.030716833,"leaf shaping","developmental processes","P","A.cervicornis","Florida"
"8005","GO:0010466","negative regulation of peptidase activity","BP",0.045201483,"negative regulation of peptidase activity","other biological processes","P","A.cervicornis","Florida"
"8048","GO:0010506","regulation of autophagy","BP",0.005764748,"regulation of autophagy","other metabolic processes","P","A.cervicornis","Florida"
"8186","GO:0010629","negative regulation of gene expression","BP",0.036726776,"negative regulation of gene expression","other metabolic processes","P","A.cervicornis","Florida"
"8204","GO:0010647","positive regulation of cell communication","BP",0.022565333,"positive regulation of cell communication","other biological processes","P","A.cervicornis","Florida"
"8315","GO:0010744","positive regulation of macrophage derived foam cell differentiation","BP",0.024248516,"positive regulation of foam cell differentiation","developmental processes","P","A.cervicornis","Florida"
"8330","GO:0010759","positive regulation of macrophage chemotaxis","BP",0.021654746,"positive regulation of macrophage chemotaxis","other biological processes","P","A.cervicornis","Florida"
"8458","GO:0010847","regulation of chromatin assembly","BP",0.042406086,"regulation of chromatin assembly","cell organization and biogenesis","P","A.cervicornis","Florida"
"8487","GO:0010875","positive regulation of cholesterol efflux","BP",0.001812239,"positive regulation of cholesterol efflux","transport","P","A.cervicornis","Florida"
"8495","GO:0010883","regulation of lipid storage","BP",0.04520816,"regulation of lipid storage","other biological processes","P","A.cervicornis","Florida"
"8498","GO:0010886","positive regulation of cholesterol storage","BP",0.046995633,"positive regulation of cholesterol storage","other biological processes","P","A.cervicornis","Florida"
"8568","GO:0010951","negative regulation of endopeptidase activity","BP",0.003187129,"negative regulation of endopeptidase activity","other biological processes","P","A.cervicornis","Florida"
"8572","GO:0010955","negative regulation of protein processing","BP",0.042535074,"negative regulation of protein maturation by peptide bond cleavage","protein metabolism","P","A.cervicornis","Florida"
"8861","GO:0014857","regulation of skeletal muscle cell proliferation","BP",0.021408568,"regulation of skeletal muscle cell proliferation","cell cycle and proliferation","P","A.cervicornis","Florida"
"8862","GO:0014858","positive regulation of skeletal muscle cell proliferation","BP",0.023199075,"positive regulation of skeletal muscle cell proliferation","cell cycle and proliferation","P","A.cervicornis","Florida"
"9725","GO:0015966","diadenosine tetraphosphate biosynthetic process","BP",0.021654746,"diadenosine tetraphosphate biosynthetic process","other metabolic processes","P","A.cervicornis","Florida"
"9795","GO:0016045","detection of bacterium","BP",0.02140892,"detection of bacterium","other biological processes","P","A.cervicornis","Florida"
"9805","GO:0016055","Wnt signaling pathway","BP",0.04168485,"Wnt receptor signaling pathway","signal transduction","P","A.cervicornis","Florida"
"9820","GO:0016074","snoRNA metabolic process","BP",0.021409265,"snoRNA metabolic process","RNA metabolism","P","A.cervicornis","Florida"
"10920","GO:0018193","peptidyl-amino acid modification","BP",0.014025163,"peptidyl-amino acid modification","protein metabolism","P","A.cervicornis","Florida"
"12556","GO:0019985","translesion synthesis","BP",0.042364837,"bypass DNA synthesis","DNA metabolism","P","A.cervicornis","Florida"
"12557","GO:0019985","translesion synthesis","BP",0.042364837,"bypass DNA synthesis","stress response","P","A.cervicornis","Florida"
"12644","GO:0021537","telencephalon development","BP",0.028170726,"telencephalon development","developmental processes","P","A.cervicornis","Florida"
"13295","GO:0022603","regulation of anatomical structure morphogenesis","BP",0.03029894,"regulation of anatomical structure morphogenesis","other biological processes","P","A.cervicornis","Florida"
"13546","GO:0030162","regulation of proteolysis","BP",0.016539524,"regulation of proteolysis","protein metabolism","P","A.cervicornis","Florida"
"13586","GO:0030207","chondroitin sulfate catabolic process","BP",0.021153966,"chondroitin sulfate catabolic process","other metabolic processes","P","A.cervicornis","Florida"
"13592","GO:0030213","hyaluronan biosynthetic process","BP",0.021153966,"hyaluronan biosynthetic process","other metabolic processes","P","A.cervicornis","Florida"
"13593","GO:0030214","hyaluronan catabolic process","BP",0.021153966,"hyaluronan catabolic process","other metabolic processes","P","A.cervicornis","Florida"
"13659","GO:0030277","maintenance of gastrointestinal epithelium","BP",0.04236284,"maintenance of gastrointestinal epithelium","other biological processes","P","A.cervicornis","Florida"
"13660","GO:0030278","regulation of ossification","BP",0.004434431,"regulation of ossification","developmental processes","P","A.cervicornis","Florida"
"13690","GO:0030308","negative regulation of cell growth","BP",0.023418679,"negative regulation of cell growth","other biological processes","P","A.cervicornis","Florida"
"13789","GO:0030422","production of siRNA involved in RNA interference","BP",0.042361699,"RNA interference, production of siRNA","RNA metabolism","P","A.cervicornis","Florida"
"14217","GO:0030878","thyroid gland development","BP",0.00463762,"thyroid gland development","developmental processes","P","A.cervicornis","Florida"
"14817","GO:0031393","negative regulation of prostaglandin biosynthetic process","BP",0.023199075,"negative regulation of prostaglandin biosynthetic process","other metabolic processes","P","A.cervicornis","Florida"
"14822","GO:0031398","positive regulation of protein ubiquitination","BP",0.036609559,"positive regulation of protein ubiquitination","protein metabolism","P","A.cervicornis","Florida"
"15566","GO:0032071","regulation of endodeoxyribonuclease activity","BP",0.023199075,"regulation of endodeoxyribonuclease activity","other biological processes","P","A.cervicornis","Florida"
"15583","GO:0032088","negative regulation of NF-kappaB transcription factor activity","BP",0.015181716,"negative regulation of NF-kappaB transcription factor activity","RNA metabolism","P","A.cervicornis","Florida"
"15753","GO:0032240","negative regulation of nucleobase-containing compound transport","BP",0.032049452,"negative regulation of nucleobase, nucleoside, nucleotide and nucleic acid transport","transport","P","A.cervicornis","Florida"
"15783","GO:0032269","negative regulation of cellular protein metabolic process","BP",0.004842216,"negative regulation of cellular protein metabolic process","protein metabolism","P","A.cervicornis","Florida"
"15852","GO:0032324","molybdopterin cofactor biosynthetic process","BP",0.023879772,"molybdopterin cofactor biosynthetic process","protein metabolism","P","A.cervicornis","Florida"
"15858","GO:0032330","regulation of chondrocyte differentiation","BP",0.042396549,"regulation of chondrocyte differentiation","developmental processes","P","A.cervicornis","Florida"
"15922","GO:0032386","regulation of intracellular transport","BP",0.004612023,"regulation of intracellular transport","transport","P","A.cervicornis","Florida"
"15997","GO:0032456","endocytic recycling","BP",0.013229814,"endocytic recycling","transport","P","A.cervicornis","Florida"
"16041","GO:0032498","detection of muramyl dipeptide","BP",0.02140892,"detection of muramyl dipeptide","other biological processes","P","A.cervicornis","Florida"
"16260","GO:0032701","negative regulation of interleukin-18 production","BP",0.02140892,"negative regulation of interleukin-18 production","other biological processes","P","A.cervicornis","Florida"
"16287","GO:0032728","positive regulation of interferon-beta production","BP",0.007466085,"positive regulation of interferon-beta production","other biological processes","P","A.cervicornis","Florida"
"16299","GO:0032740","positive regulation of interleukin-17 production","BP",0.02140892,"positive regulation of interleukin-17 production","other biological processes","P","A.cervicornis","Florida"
"16956","GO:0033339","pectoral fin development","BP",0.030458925,"pectoral fin development","developmental processes","P","A.cervicornis","Florida"
"16983","GO:0033365","protein localization to organelle","BP",0.017619837,"protein localization in organelle","other biological processes","P","A.cervicornis","Florida"
"17243","GO:0033554","cellular response to stress","BP",0.00793137,"cellular response to stress","stress response","P","A.cervicornis","Florida"
"17843","GO:0034124","regulation of MyD88-dependent toll-like receptor signaling pathway","BP",0.023448705,"regulation of MyD88-dependent toll-like receptor signaling pathway","signal transduction","P","A.cervicornis","Florida"
"17844","GO:0034124","regulation of MyD88-dependent toll-like receptor signaling pathway","BP",0.023448705,"regulation of MyD88-dependent toll-like receptor signaling pathway","stress response","P","A.cervicornis","Florida"
"18168","GO:0034381","plasma lipoprotein particle clearance","BP",0.024248516,"lipoprotein particle clearance","cell organization and biogenesis","P","A.cervicornis","Florida"
"18178","GO:0034391","regulation of smooth muscle cell apoptotic process","BP",0.023199075,"regulation of smooth muscle cell apoptosis","death","P","A.cervicornis","Florida"
"18813","GO:0034983","peptidyl-lysine deacetylation","BP",0.044116784,"peptidyl-lysine deacetylation","protein metabolism","P","A.cervicornis","Florida"
"18864","GO:0035023","regulation of Rho protein signal transduction","BP",0.029697422,"regulation of Rho protein signal transduction","signal transduction","P","A.cervicornis","Florida"
"19000","GO:0035147","branch fusion, open tracheal system","BP",0.043476762,"branch fusion, open tracheal system","developmental processes","P","A.cervicornis","Florida"
"19130","GO:0035271","ring gland development","BP",0.021408568,"ring gland development","developmental processes","P","A.cervicornis","Florida"
"19212","GO:0040013","negative regulation of locomotion","BP",0.022310891,"negative regulation of locomotion","other biological processes","P","A.cervicornis","Florida"
"19218","GO:0040019","positive regulation of embryonic development","BP",0.024369084,"positive regulation of embryonic development","developmental processes","P","A.cervicornis","Florida"
"19510","GO:0042274","ribosomal small subunit biogenesis","BP",0.024073989,"ribosomal small subunit biogenesis","other biological processes","P","A.cervicornis","Florida"
"19561","GO:0042330","taxis","BP",0.021285279,"taxis","other biological processes","P","A.cervicornis","Florida"
"19623","GO:0042391","regulation of membrane potential","BP",0.003613918,"regulation of membrane potential","other biological processes","P","A.cervicornis","Florida"
"19786","GO:0042531","positive regulation of tyrosine phosphorylation of STAT protein","BP",0.042744181,"positive regulation of tyrosine phosphorylation of STAT protein","signal transduction","P","A.cervicornis","Florida"
"19787","GO:0042531","positive regulation of tyrosine phosphorylation of STAT protein","BP",0.042744181,"positive regulation of tyrosine phosphorylation of STAT protein","protein metabolism","P","A.cervicornis","Florida"
"19847","GO:0042595","behavioral response to starvation","BP",0.023199075,"behavioral response to starvation","stress response","P","A.cervicornis","Florida"
"20558","GO:0043282","pharyngeal muscle development","BP",0.021408568,"pharyngeal muscle development","developmental processes","P","A.cervicornis","Florida"
"20616","GO:0043328","protein transport to vacuole involved in ubiquitin-dependent protein catabolic process via the multivesicular body sorting pathway","BP",0.043509597,"protein targeting to vacuole during ubiquitin-dependent protein catabolic process via the MVB pathway","transport","P","A.cervicornis","Florida"
"20617","GO:0043328","protein transport to vacuole involved in ubiquitin-dependent protein catabolic process via the multivesicular body sorting pathway","BP",0.043509597,"protein targeting to vacuole during ubiquitin-dependent protein catabolic process via the MVB pathway","protein metabolism","P","A.cervicornis","Florida"
"20620","GO:0043330","response to exogenous dsRNA","BP",0.003430418,"response to exogenous dsRNA","other biological processes","P","A.cervicornis","Florida"
"20805","GO:0043518","negative regulation of DNA damage response, signal transduction by p53 class mediator","BP",0.047219471,"negative regulation of DNA damage response, signal transduction by p53 class mediator","signal transduction","P","A.cervicornis","Florida"
"20806","GO:0043518","negative regulation of DNA damage response, signal transduction by p53 class mediator","BP",0.047219471,"negative regulation of DNA damage response, signal transduction by p53 class mediator","stress response","P","A.cervicornis","Florida"
"20842","GO:0043552","positive regulation of phosphatidylinositol 3-kinase activity","BP",0.042361924,"positive regulation of phosphoinositide 3-kinase activity","other metabolic processes","P","A.cervicornis","Florida"
"21277","GO:0043972","histone H3-K23 acetylation","BP",0.021414665,"histone H3-K23 acetylation","cell organization and biogenesis","P","A.cervicornis","Florida"
"21278","GO:0043972","histone H3-K23 acetylation","BP",0.021414665,"histone H3-K23 acetylation","protein metabolism","P","A.cervicornis","Florida"
"21420","GO:0044092","negative regulation of molecular function","BP",0.019317243,"negative regulation of molecular function","other biological processes","P","A.cervicornis","Florida"
"21565","GO:0045014","carbon catabolite repression of transcription by glucose","BP",0.031028744,"negative regulation of transcription by glucose","RNA metabolism","P","A.cervicornis","Florida"
"21644","GO:0045087","innate immune response","BP",0.047720622,"innate immune response","stress response","P","A.cervicornis","Florida"
"21908","GO:0045348","positive regulation of MHC class II biosynthetic process","BP",0.045286654,"positive regulation of MHC class II biosynthetic process","other metabolic processes","P","A.cervicornis","Florida"
"22003","GO:0045444","fat cell differentiation","BP",0.043494567,"fat cell differentiation","other biological processes","P","A.cervicornis","Florida"
"22153","GO:0045590","negative regulation of regulatory T cell differentiation","BP",0.023448705,"negative regulation of regulatory T cell differentiation","developmental processes","P","A.cervicornis","Florida"
"22159","GO:0045596","negative regulation of cell differentiation","BP",0.030148793,"negative regulation of cell differentiation","other biological processes","P","A.cervicornis","Florida"
"22353","GO:0045785","positive regulation of cell adhesion","BP",0.007375547,"positive regulation of cell adhesion","cell adhesion","P","A.cervicornis","Florida"
"22526","GO:0045944","positive regulation of transcription by RNA polymerase II","BP",0.034163324,"positive regulation of transcription from RNA polymerase II promoter","RNA metabolism","P","A.cervicornis","Florida"
"22960","GO:0046373","L-arabinose metabolic process","BP",0.021409242,"L-arabinose metabolic process","other metabolic processes","P","A.cervicornis","Florida"
"23059","GO:0046477","glycosylceramide catabolic process","BP",0.044450646,"glycosylceramide catabolic process","other metabolic processes","P","A.cervicornis","Florida"
"24784","GO:0048215","positive regulation of Golgi vesicle fusion to target membrane","BP",0.021427953,"positive regulation of Golgi vesicle fusion to target membrane","cell organization and biogenesis","P","A.cervicornis","Florida"
"24785","GO:0048215","positive regulation of Golgi vesicle fusion to target membrane","BP",0.021427953,"positive regulation of Golgi vesicle fusion to target membrane","transport","P","A.cervicornis","Florida"
"24947","GO:0048367","shoot system development","BP",0.042013392,"shoot development","developmental processes","P","A.cervicornis","Florida"
"24992","GO:0048440","carpel development","BP",0.030716833,"carpel development","developmental processes","P","A.cervicornis","Florida"
"24995","GO:0048443","stamen development","BP",0.030716833,"stamen development","developmental processes","P","A.cervicornis","Florida"
"25005","GO:0048453","sepal formation","BP",0.030716833,"sepal formation","developmental processes","P","A.cervicornis","Florida"
"25028","GO:0048477","oogenesis","BP",0.02890184,"oogenesis","other biological processes","P","A.cervicornis","Florida"
"25089","GO:0048538","thymus development","BP",0.006719674,"thymus development","developmental processes","P","A.cervicornis","Florida"
"25093","GO:0048542","lymph gland development","BP",0.032890629,"lymph gland development","developmental processes","P","A.cervicornis","Florida"
"25140","GO:0048585","negative regulation of response to stimulus","BP",0.029278108,"negative regulation of response to stimulus","other biological processes","P","A.cervicornis","Florida"
"25195","GO:0048643","positive regulation of skeletal muscle tissue development","BP",0.029697422,"positive regulation of skeletal muscle tissue development","developmental processes","P","A.cervicornis","Florida"
"25410","GO:0048806","genitalia development","BP",0.029949103,"genitalia development","developmental processes","P","A.cervicornis","Florida"
"25434","GO:0048827","phyllome development","BP",0.021410748,"phyllome development","developmental processes","P","A.cervicornis","Florida"
"25553","GO:0048935","peripheral nervous system neuron development","BP",0.042367032,"peripheral nervous system neuron development","developmental processes","P","A.cervicornis","Florida"
"26231","GO:0050679","positive regulation of epithelial cell proliferation","BP",0.040360479,"positive regulation of epithelial cell proliferation","cell cycle and proliferation","P","A.cervicornis","Florida"
"26283","GO:0050731","positive regulation of peptidyl-tyrosine phosphorylation","BP",0.01560516,"positive regulation of peptidyl-tyrosine phosphorylation","protein metabolism","P","A.cervicornis","Florida"
"26363","GO:0050804","modulation of chemical synaptic transmission","BP",0.045280817,"regulation of synaptic transmission","cell-cell signaling","P","A.cervicornis","Florida"
"26431","GO:0050871","positive regulation of B cell activation","BP",0.042373838,"positive regulation of B cell activation","other biological processes","P","A.cervicornis","Florida"
"26432","GO:0050872","white fat cell differentiation","BP",0.023199075,"white fat cell differentiation","other biological processes","P","A.cervicornis","Florida"
"26463","GO:0050907","detection of chemical stimulus involved in sensory perception","BP",0.021285279,"detection of chemical stimulus involved in sensory perception","other biological processes","P","A.cervicornis","Florida"
"26511","GO:0050955","thermoception","BP",0.021285279,"thermoception","other biological processes","P","A.cervicornis","Florida"
"26517","GO:0050961","detection of temperature stimulus involved in sensory perception","BP",0.021285279,"detection of temperature stimulus involved in sensory perception","other biological processes","P","A.cervicornis","Florida"
"26608","GO:0051050","positive regulation of transport","BP",0.026336294,"positive regulation of transport","transport","P","A.cervicornis","Florida"
"26657","GO:0051097","negative regulation of helicase activity","BP",0.023199075,"negative regulation of helicase activity","other biological processes","P","A.cervicornis","Florida"
"26715","GO:0051152","positive regulation of smooth muscle cell differentiation","BP",0.023199075,"positive regulation of smooth muscle cell differentiation","other biological processes","P","A.cervicornis","Florida"
"26962","GO:0051382","kinetochore assembly","BP",0.033559155,"kinetochore assembly","cell organization and biogenesis","P","A.cervicornis","Florida"
"27174","GO:0051574","positive regulation of histone H3-K9 methylation","BP",0.023199075,"positive regulation of histone H3-K9 methylation","cell organization and biogenesis","P","A.cervicornis","Florida"
"27175","GO:0051574","positive regulation of histone H3-K9 methylation","BP",0.023199075,"positive regulation of histone H3-K9 methylation","protein metabolism","P","A.cervicornis","Florida"
"27181","GO:0051580","regulation of neurotransmitter uptake","BP",0.029697422,"regulation of neurotransmitter uptake","transport","P","A.cervicornis","Florida"
"27182","GO:0051580","regulation of neurotransmitter uptake","BP",0.029697422,"regulation of neurotransmitter uptake","cell-cell signaling","P","A.cervicornis","Florida"
"27217","GO:0051607","defense response to virus","BP",0.010345631,"defense response to virus","stress response","P","A.cervicornis","Florida"
"28388","GO:0060074","synapse maturation","BP",0.021427953,"synapse maturation","developmental processes","P","A.cervicornis","Florida"
"28389","GO:0060074","synapse maturation","BP",0.021427953,"synapse maturation","cell organization and biogenesis","P","A.cervicornis","Florida"
"28453","GO:0060125","negative regulation of growth hormone secretion","BP",0.048778735,"negative regulation of growth hormone secretion","transport","P","A.cervicornis","Florida"
"28454","GO:0060125","negative regulation of growth hormone secretion","BP",0.048778735,"negative regulation of growth hormone secretion","cell-cell signaling","P","A.cervicornis","Florida"
"28642","GO:0060291","long-term synaptic potentiation","BP",0.009677982,"long-term synaptic potentiation","cell-cell signaling","P","A.cervicornis","Florida"
"28679","GO:0060324","face development","BP",0.042592659,"face development","other biological processes","P","A.cervicornis","Florida"
"28688","GO:0060333","interferon-gamma-mediated signaling pathway","BP",0.023448705,"interferon-gamma-mediated signaling pathway","signal transduction","P","A.cervicornis","Florida"
"28691","GO:0060336","negative regulation of interferon-gamma-mediated signaling pathway","BP",0.043761092,"negative regulation of interferon-gamma-mediated signaling pathway","signal transduction","P","A.cervicornis","Florida"
"28806","GO:0060440","trachea formation","BP",0.042592659,"trachea formation","developmental processes","P","A.cervicornis","Florida"
"28938","GO:0060548","negative regulation of cell death","BP",0.039230804,"negative regulation of cell death","death","P","A.cervicornis","Florida"
"28983","GO:0060585","positive regulation of prostaglandin-endoperoxide synthase activity","BP",0.02140892,"positive regulation of prostaglandin-endoperoxidase synthase activity","other biological processes","P","A.cervicornis","Florida"
"29033","GO:0060627","regulation of vesicle-mediated transport","BP",0.003012716,"regulation of vesicle-mediated transport","transport","P","A.cervicornis","Florida"
"29713","GO:0070371","ERK1 and ERK2 cascade","BP",0.048263201,"ERK1 and ERK2 cascade","signal transduction","P","A.cervicornis","Florida"
"29785","GO:0070431","nucleotide-binding oligomerization domain containing 2 signaling pathway","BP",0.02140892,"nucleotide-binding oligomerization domain containing 2 signaling pathway","signal transduction","P","A.cervicornis","Florida"
"29786","GO:0070431","nucleotide-binding oligomerization domain containing 2 signaling pathway","BP",0.02140892,"nucleotide-binding oligomerization domain containing 2 signaling pathway","stress response","P","A.cervicornis","Florida"
"30806","GO:0080134","regulation of response to stress","BP",0.040906836,"regulation of response to stress","stress response","P","A.cervicornis","Florida"
"416","GO:0000422","autophagy of mitochondrion","BP",0.0244457489642103,"mitochondrion degradation","other metabolic processes","P","M.cavernosa","Florida"
"813","GO:0001502","cartilage condensation","BP",0.0433049514227488,"cartilage condensation","cell adhesion","P","M.cavernosa","Florida"
"814","GO:0001502","cartilage condensation","BP",0.0433049514227488,"cartilage condensation","developmental processes","P","M.cavernosa","Florida"
"8551","GO:0001550","ovarian cumulus expansion","BP",0.00528937695178148,"ovarian cumulus expansion","developmental processes","P","M.cavernosa","Florida"
"1039","GO:0001770","establishment of natural killer cell polarity","BP",0.00510659111748354,"establishment of natural killer cell polarity","cell organization and biogenesis","P","M.cavernosa","Florida"
"1053","GO:0001782","B cell homeostasis","BP",0.0260482257794153,"B cell homeostasis","other biological processes","P","M.cavernosa","Florida"
"1168","GO:0001880","Mullerian duct regression","BP",0.0104549422346041,"Mullerian duct regression","developmental processes","P","M.cavernosa","Florida"
"1396","GO:0002090","regulation of receptor internalization","BP",0.0295069066276025,"regulation of receptor internalization","transport","P","M.cavernosa","Florida"
"1397","GO:0002090","regulation of receptor internalization","BP",0.0295069066276025,"regulation of receptor internalization","protein metabolism","P","M.cavernosa","Florida"
"1398","GO:0002090","regulation of receptor internalization","BP",0.0295069066276025,"regulation of receptor internalization","cell organization and biogenesis","P","M.cavernosa","Florida"
"1550","GO:0002281","macrophage activation involved in immune response","BP",0.0222489106658009,"macrophage activation during immune response","other biological processes","P","M.cavernosa","Florida"
"1584","GO:0002315","marginal zone B cell differentiation","BP",0.0135696569826712,"marginal zone B cell differentiation","developmental processes","P","M.cavernosa","Florida"
"4221","GO:0006071","glycerol metabolic process","BP",0.0318028581071378,"glycerol metabolic process","other metabolic processes","P","M.cavernosa","Florida"
"4562","GO:0006426","glycyl-tRNA aminoacylation","BP",0.00377484049634302,"glycyl-tRNA aminoacylation","RNA metabolism","P","M.cavernosa","Florida"
"4563","GO:0006426","glycyl-tRNA aminoacylation","BP",0.00377484049634302,"glycyl-tRNA aminoacylation","protein metabolism","P","M.cavernosa","Florida"
"4626","GO:0006497","protein lipidation","BP",0.0213252332482076,"protein amino acid lipidation","protein metabolism","P","M.cavernosa","Florida"
"4637","GO:0006513","protein monoubiquitination","BP",0.0474967675517345,"protein monoubiquitination","protein metabolism","P","M.cavernosa","Florida"
"4667","GO:0006544","glycine metabolic process","BP",0.0188518041524188,"glycine metabolic process","other metabolic processes","P","M.cavernosa","Florida"
"4767","GO:0006641","triglyceride metabolic process","BP",0.0387732401298491,"triglyceride metabolic process","other metabolic processes","P","M.cavernosa","Florida"
"4828","GO:0006703","estrogen biosynthetic process","BP",0.0200762010930417,"estrogen biosynthetic process","other metabolic processes","P","M.cavernosa","Florida"
"4915","GO:0006807","nitrogen compound metabolic process","BP",0.0176263611419219,"nitrogen compound metabolic process","other metabolic processes","P","M.cavernosa","Florida"
"5321","GO:0007178","transmembrane receptor protein serine/threonine kinase signaling pathway","BP",0.0336291730746741,"transmembrane receptor protein serine/threonine kinase signaling pathway","signal transduction","P","M.cavernosa","Florida"
"5554","GO:0007398","ectoderm development","BP",0.0191879899017756,"ectoderm development","developmental processes","P","M.cavernosa","Florida"
"5681","GO:0007525","somatic muscle development","BP",0.0110511743719755,"somatic muscle development","developmental processes","P","M.cavernosa","Florida"
"5756","GO:0007606","sensory perception of chemical stimulus","BP",0.0162898858131305,"sensory perception of chemical stimulus","other biological processes","P","M.cavernosa","Florida"
"5782","GO:0007635","chemosensory behavior","BP",0.0232693112959128,"chemosensory behavior","other biological processes","P","M.cavernosa","Florida"
"6997","GO:0009411","response to UV","BP",0.0495696205512648,"response to UV","other biological processes","P","M.cavernosa","Florida"
"7632","GO:0010102","lateral root morphogenesis","BP",0.00366977801489268,"lateral root morphogenesis","developmental processes","P","M.cavernosa","Florida"
"8043","GO:0010499","proteasomal ubiquitin-independent protein catabolic process","BP",0.0164375671391085,"proteasomal ubiquitin-independent protein catabolic process","protein metabolism","P","M.cavernosa","Florida"
"8196","GO:0010634","positive regulation of epithelial cell migration","BP",0.00559661385999873,"positive regulation of epithelial cell migration","other biological processes","P","M.cavernosa","Florida"
"8420","GO:0010811","positive regulation of cell-substrate adhesion","BP",0.0350305976439402,"positive regulation of cell-substrate adhesion","cell adhesion","P","M.cavernosa","Florida"
"8478","GO:0010862","positive regulation of pathway-restricted SMAD protein phosphorylation","BP",0.0435663201598523,"positive regulation of pathway-restricted SMAD protein phosphorylation","protein metabolism","P","M.cavernosa","Florida"
"8479","GO:0010862","positive regulation of pathway-restricted SMAD protein phosphorylation","BP",0.0435663201598523,"positive regulation of pathway-restricted SMAD protein phosphorylation","signal transduction","P","M.cavernosa","Florida"
"8536","GO:0010917","negative regulation of mitochondrial membrane potential","BP",0.0260928685694574,"negative regulation of mitochondrial membrane potential","other biological processes","P","M.cavernosa","Florida"
"8601","GO:0010976","positive regulation of neuron projection development","BP",0.0322605276408956,"positive regulation of neuron projection development","developmental processes","P","M.cavernosa","Florida"
"8602","GO:0010976","positive regulation of neuron projection development","BP",0.0322605276408956,"positive regulation of neuron projection development","cell organization and biogenesis","P","M.cavernosa","Florida"
"8683","GO:0014032","neural crest cell development","BP",0.0011445692947202,"neural crest cell development","developmental processes","P","M.cavernosa","Florida"
"8924","GO:0014912","negative regulation of smooth muscle cell migration","BP",0.0199358963488429,"negative regulation of smooth muscle cell migration","other biological processes","P","M.cavernosa","Florida"
"9683","GO:0015918","sterol transport","BP",0.0328416771855385,"sterol transport","transport","P","M.cavernosa","Florida"
"9730","GO:0015966","diadenosine tetraphosphate biosynthetic process","BP",0.00909038181802042,"diadenosine tetraphosphate biosynthetic process","other metabolic processes","P","M.cavernosa","Florida"
"9788","GO:0016032","viral process","BP",0.0282304903594218,"viral reproduction","other biological processes","P","M.cavernosa","Florida"
"9944","GO:0016203","muscle attachment","BP",0.0169536878861784,"muscle attachment","developmental processes","P","M.cavernosa","Florida"
"11666","GO:0018991","oviposition","BP",0.0290988138638099,"oviposition","other biological processes","P","M.cavernosa","Florida"
"12792","GO:0021680","cerebellar Purkinje cell layer development","BP",0.0267047212661226,"cerebellar Purkinje cell layer development","developmental processes","P","M.cavernosa","Florida"
"13002","GO:0021860","pyramidal neuron development","BP",0.0244195327622303,"pyramidal neuron development","developmental processes","P","M.cavernosa","Florida"
"13152","GO:0021955","central nervous system neuron axonogenesis","BP",0.0155104612930288,"central nervous system neuron axonogenesis","cell organization and biogenesis","P","M.cavernosa","Florida"
"13153","GO:0021955","central nervous system neuron axonogenesis","BP",0.0155104612930288,"central nervous system neuron axonogenesis","developmental processes","P","M.cavernosa","Florida"
"13203","GO:0021983","pituitary gland development","BP",0.0401566382436185,"pituitary gland development","developmental processes","P","M.cavernosa","Florida"
"13219","GO:0021998","neural plate mediolateral regionalization","BP",0.00528937695178148,"neural plate mediolateral pattern formation","developmental processes","P","M.cavernosa","Florida"
"13314","GO:0022617","extracellular matrix disassembly","BP",0.0365265137392964,"extracellular matrix disassembly","cell organization and biogenesis","P","M.cavernosa","Florida"
"13396","GO:0022900","electron transport chain","BP",0.00191969934452142,"electron transport chain","other metabolic processes","P","M.cavernosa","Florida"
"13554","GO:0030166","proteoglycan biosynthetic process","BP",0.0340801843356912,"proteoglycan biosynthetic process","other metabolic processes","P","M.cavernosa","Florida"
"13924","GO:0030587","sorocarp development","BP",0.0307526576900487,"sorocarp development","developmental processes","P","M.cavernosa","Florida"
"13925","GO:0030587","sorocarp development","BP",0.0307526576900487,"sorocarp development","stress response","P","M.cavernosa","Florida"
"14824","GO:0031396","regulation of protein ubiquitination","BP",0.0380195413532669,"regulation of protein ubiquitination","protein metabolism","P","M.cavernosa","Florida"
"15135","GO:0031663","lipopolysaccharide-mediated signaling pathway","BP",0.0230254427138125,"lipopolysaccharide-mediated signaling pathway","signal transduction","P","M.cavernosa","Florida"
"15735","GO:0032218","riboflavin transport","BP",0.019211729034885,"riboflavin transport","transport","P","M.cavernosa","Florida"
"15743","GO:0032226","positive regulation of synaptic transmission, dopaminergic","BP",0.00902975966646492,"positive regulation of synaptic transmission, dopaminergic","cell-cell signaling","P","M.cavernosa","Florida"
"15747","GO:0032230","positive regulation of synaptic transmission, GABAergic","BP",0.0477559813553117,"positive regulation of synaptic transmission, GABAergic","cell-cell signaling","P","M.cavernosa","Florida"
"15864","GO:0032332","positive regulation of chondrocyte differentiation","BP",0.0180366831051611,"positive regulation of chondrocyte differentiation","developmental processes","P","M.cavernosa","Florida"
"16033","GO:0032486","Rap protein signal transduction","BP",0.00740772919760068,"Rap protein signal transduction","signal transduction","P","M.cavernosa","Florida"
"16489","GO:0032915","positive regulation of transforming growth factor beta2 production","BP",0.00528937695178148,"positive regulation of transforming growth factor-beta2 production","other biological processes","P","M.cavernosa","Florida"
"16843","GO:0033227","dsRNA transport","BP",0.0228174820335812,"dsRNA transport","transport","P","M.cavernosa","Florida"
"17835","GO:0034116","positive regulation of heterotypic cell-cell adhesion","BP",0.00941640385787171,"positive regulation of heterotypic cell-cell adhesion","cell adhesion","P","M.cavernosa","Florida"
"17836","GO:0034116","positive regulation of heterotypic cell-cell adhesion","BP",0.00941640385787171,"positive regulation of heterotypic cell-cell adhesion","developmental processes","P","M.cavernosa","Florida"
"17881","GO:0034141","positive regulation of toll-like receptor 3 signaling pathway","BP",0.00932811945282608,"positive regulation of toll-like receptor 3 signaling pathway","stress response","P","M.cavernosa","Florida"
"17882","GO:0034141","positive regulation of toll-like receptor 3 signaling pathway","BP",0.00932811945282608,"positive regulation of toll-like receptor 3 signaling pathway","signal transduction","P","M.cavernosa","Florida"
"18410","GO:0034614","cellular response to reactive oxygen species","BP",0.0323525003223095,"cellular response to reactive oxygen species","stress response","P","M.cavernosa","Florida"
"18868","GO:0035023","regulation of Rho protein signal transduction","BP",0.0103854890598208,"regulation of Rho protein signal transduction","signal transduction","P","M.cavernosa","Florida"
"18870","GO:0035025","positive regulation of Rho protein signal transduction","BP",0.0334334776164589,"positive regulation of Rho protein signal transduction","signal transduction","P","M.cavernosa","Florida"
"18946","GO:0035093","spermatogenesis, exchange of chromosomal proteins","BP",0.0243264313914578,"spermatogenesis, exchange of chromosomal proteins","cell organization and biogenesis","P","M.cavernosa","Florida"
"18994","GO:0035137","hindlimb morphogenesis","BP",0.0235310246727933,"hindlimb morphogenesis","developmental processes","P","M.cavernosa","Florida"
"19228","GO:0040024","dauer larval development","BP",0.0213529015303508,"dauer larval development","developmental processes","P","M.cavernosa","Florida"
"208421","GO:0043547","positive regulation of GTPase activity","BP",0.0136267357849581,"positive regulation of GTPase activity","other biological processes","P","M.cavernosa","Florida"
"22522","GO:0045937","positive regulation of phosphate metabolic process","BP",0.00766824434265085,"positive regulation of phosphate metabolic process","other metabolic processes","P","M.cavernosa","Florida"
"22784","GO:0046167","glycerol-3-phosphate biosynthetic process","BP",0.00504163952258754,"glycerol-3-phosphate biosynthetic process","other metabolic processes","P","M.cavernosa","Florida"
"22816","GO:0046203","spermidine catabolic process","BP",0.00422559493115674,"spermidine catabolic process","other metabolic processes","P","M.cavernosa","Florida"
"22821","GO:0046208","spermine catabolic process","BP",0.00422559493115674,"spermine catabolic process","other metabolic processes","P","M.cavernosa","Florida"
"24599","GO:0048009","insulin-like growth factor receptor signaling pathway","BP",0.0218011352498467,"insulin-like growth factor receptor signaling pathway","signal transduction","P","M.cavernosa","Florida"
"24935","GO:0048352","paraxial mesoderm structural organization","BP",0.00528937695178148,"paraxial mesoderm structural organization","developmental processes","P","M.cavernosa","Florida"
"24961","GO:0048378","regulation of lateral mesodermal cell fate specification","BP",0.0256142466194413,"regulation of lateral mesodermal cell fate specification","developmental processes","P","M.cavernosa","Florida"
"24965","GO:0048382","mesendoderm development","BP",0.0238909217864333,"mesendoderm development","developmental processes","P","M.cavernosa","Florida"
"25150","GO:0048592","eye morphogenesis","BP",0.000512721640645256,"eye morphogenesis","developmental processes","P","M.cavernosa","Florida"
"25198","GO:0048643","positive regulation of skeletal muscle tissue development","BP",0.0198978865976898,"positive regulation of skeletal muscle tissue development","developmental processes","P","M.cavernosa","Florida"
"26285","GO:0050730","regulation of peptidyl-tyrosine phosphorylation","BP",0.0229687594926099,"regulation of peptidyl-tyrosine phosphorylation","protein metabolism","P","M.cavernosa","Florida"
"26437","GO:0050877","nervous system process","BP",0.0276945134827111,"neurological system process","other biological processes","P","M.cavernosa","Florida"
"26453","GO:0050893","sensory processing","BP",0.0345786071368907,"sensory processing","other biological processes","P","M.cavernosa","Florida"
"26486","GO:0050927","positive regulation of positive chemotaxis","BP",0.0164115491476105,"positive regulation of positive chemotaxis","other biological processes","P","M.cavernosa","Florida"
"26534","GO:0050975","sensory perception of touch","BP",0.0292850128345418,"sensory perception of touch","other biological processes","P","M.cavernosa","Florida"
"26555","GO:0050996","positive regulation of lipid catabolic process","BP",0.00911092352785795,"positive regulation of lipid catabolic process","other metabolic processes","P","M.cavernosa","Florida"
"26714","GO:0051148","negative regulation of muscle cell differentiation","BP",0.0153439692977812,"negative regulation of muscle cell differentiation","other biological processes","P","M.cavernosa","Florida"
"26851","GO:0051280","negative regulation of release of sequestered calcium ion into cytosol","BP",0.0127068260865469,"negative regulation of release of sequestered calcium ion into cytosol","transport","P","M.cavernosa","Florida"
"27158","GO:0051562","negative regulation of mitochondrial calcium ion concentration","BP",0.0127068260865469,"reduction of mitochondrial calcium ion concentration","other biological processes","P","M.cavernosa","Florida"
"27184","GO:0051580","regulation of neurotransmitter uptake","BP",0.00930041630621834,"regulation of neurotransmitter uptake","transport","P","M.cavernosa","Florida"
"27185","GO:0051580","regulation of neurotransmitter uptake","BP",0.00930041630621834,"regulation of neurotransmitter uptake","cell-cell signaling","P","M.cavernosa","Florida"
"28352","GO:0060041","retina development in camera-type eye","BP",0.0126081088579642,"retina development in camera-type eye","developmental processes","P","M.cavernosa","Florida"
"28640","GO:0060284","regulation of cell development","BP",0.0436908884898867,"regulation of cell development","other biological processes","P","M.cavernosa","Florida"
"28710","GO:0060350","endochondral bone morphogenesis","BP",0.0182511387793764,"endochondral bone morphogenesis","developmental processes","P","M.cavernosa","Florida"
"28715","GO:0060355","positive regulation of cell adhesion molecule production","BP",0.0194420680706162,"positive regulation of cell adhesion molecule production","other biological processes","P","M.cavernosa","Florida"
"28755","GO:0060391","positive regulation of SMAD protein signal transduction","BP",0.0277457059519351,"positive regulation of SMAD protein nuclear translocation","transport","P","M.cavernosa","Florida"
"28756","GO:0060391","positive regulation of SMAD protein signal transduction","BP",0.0277457059519351,"positive regulation of SMAD protein nuclear translocation","signal transduction","P","M.cavernosa","Florida"
"28783","GO:0060412","ventricular septum morphogenesis","BP",0.0427717193090034,"ventricular septum morphogenesis","developmental processes","P","M.cavernosa","Florida"
"29594","GO:0070257","positive regulation of mucus secretion","BP",7.14626546270518e-05,"positive regulation of mucus secretion","transport","P","M.cavernosa","Florida"
"29893","GO:0070509","calcium ion import","BP",0.0435359092494429,"calcium ion import","transport","P","M.cavernosa","Florida"
"29921","GO:0070528","protein kinase C signaling","BP",0.0281527299608775,"protein kinase C signaling cascade","signal transduction","P","M.cavernosa","Florida"
"30354","GO:0075044","positive regulation by symbiont of host autophagy","BP",0.0107714406850367,"autophagy of host cells during interaction with symbiont","other metabolic processes","P","M.cavernosa","Florida"
"12271","GO:0001934","positive regulation of protein phosphorylation","BP",0.0463980233317532,"positive regulation of protein amino acid phosphorylation","protein metabolism","P","O.faveolata","Florida"
"4599","GO:0006470","protein dephosphorylation","BP",0.0432809761778379,"protein amino acid dephosphorylation","protein metabolism","P","O.faveolata","Florida"
"4849","GO:0006730","one-carbon metabolic process","BP",0.00640946328871618,"one-carbon compound metabolic process","other metabolic processes","P","O.faveolata","Florida"
"50411","GO:0006955","immune response","BP",0.0417615997913636,"immune response","other biological processes","P","O.faveolata","Florida"
"7493","GO:0009967","positive regulation of signal transduction","BP",0.0496399536765845,"positive regulation of signal transduction","signal transduction","P","O.faveolata","Florida"
"9804","GO:0016055","Wnt signaling pathway","BP",0.0433496224420545,"Wnt receptor signaling pathway","signal transduction","P","O.faveolata","Florida"
"12141","GO:0019510","S-adenosylhomocysteine catabolic process","BP",0.00167671675454181,"S-adenosylhomocysteine catabolic process","other metabolic processes","P","O.faveolata","Florida"
"14743","GO:0031324","negative regulation of cellular metabolic process","BP",0.0185787794986256,"negative regulation of cellular metabolic process","other metabolic processes","P","O.faveolata","Florida"
"16531","GO:0032958","inositol phosphate biosynthetic process","BP",0.00613435941170923,"inositol phosphate biosynthetic process","other metabolic processes","P","O.faveolata","Florida"
"16968","GO:0033353","S-adenosylmethionine cycle","BP",0.00397979634597916,"S-adenosylmethionine cycle","other metabolic processes","P","O.faveolata","Florida"
"22273","GO:0045727","positive regulation of translation","BP",0.0114897554576058,"positive regulation of translation","protein metabolism","P","O.faveolata","Florida"
"26642","GO:0051098","regulation of binding","BP",0.00439627394585409,"regulation of binding","other biological processes","P","O.faveolata","Florida"
"28582","GO:0060255","regulation of macromolecule metabolic process","BP",0.0374922772127175,"regulation of macromolecule metabolic process","other metabolic processes","P","O.faveolata","Florida"
"249","GO:0000245","spliceosomal complex assembly","BP",0.004146037,"spliceosome assembly","RNA metabolism","P","P.lobata","Hawaii"
"250","GO:0000245","spliceosomal complex assembly","BP",0.004146037,"spliceosome assembly","cell organization and biogenesis","P","P.lobata","Hawaii"
"502","GO:0000578","embryonic axis specification","BP",0.03784146,"embryonic axis specification","developmental processes","P","P.lobata","Hawaii"
"538","GO:0000717","nucleotide-excision repair, DNA duplex unwinding","BP",0.015494047,"nucleotide-excision repair, DNA duplex unwinding","stress response","P","P.lobata","Hawaii"
"539","GO:0000717","nucleotide-excision repair, DNA duplex unwinding","BP",0.015494047,"nucleotide-excision repair, DNA duplex unwinding","DNA metabolism","P","P.lobata","Hawaii"
"935","GO:0001654","eye development","BP",0.001623067,"eye development","developmental processes","P","P.lobata","Hawaii"
"1040","GO:0001771","immunological synapse formation","BP",0.033421402,"formation of immunological synapse","other biological processes","P","P.lobata","Hawaii"
"1050","GO:0001779","natural killer cell differentiation","BP",0.046493989,"natural killer cell differentiation","developmental processes","P","P.lobata","Hawaii"
"1108","GO:0001831","trophectodermal cellular morphogenesis","BP",0.034066289,"trophectodermal cellular morphogenesis","cell organization and biogenesis","P","P.lobata","Hawaii"
"1109","GO:0001831","trophectodermal cellular morphogenesis","BP",0.034066289,"trophectodermal cellular morphogenesis","developmental processes","P","P.lobata","Hawaii"
"1167","GO:0001879","detection of yeast","BP",0.007138708,"detection of yeast","other biological processes","P","P.lobata","Hawaii"
"1169","GO:0001881","receptor recycling","BP",0.045353198,"receptor recycling","signal transduction","P","P.lobata","Hawaii"
"1170","GO:0001881","receptor recycling","BP",0.045353198,"receptor recycling","other metabolic processes","P","P.lobata","Hawaii"
"2070","GO:0002762","negative regulation of myeloid leukocyte differentiation","BP",0.020001549,"negative regulation of myeloid leukocyte differentiation","developmental processes","P","P.lobata","Hawaii"
"4305","GO:0006183","GTP biosynthetic process","BP",0.03563585,"GTP biosynthetic process","other metabolic processes","P","P.lobata","Hawaii"
"4345","GO:0006228","UTP biosynthetic process","BP",0.01978946,"UTP biosynthetic process","other metabolic processes","P","P.lobata","Hawaii"
"4358","GO:0006241","CTP biosynthetic process","BP",0.037046843,"CTP biosynthetic process","other metabolic processes","P","P.lobata","Hawaii"
"4375","GO:0006264","mitochondrial DNA replication","BP",0.002970756,"mitochondrial DNA replication","DNA metabolism","P","P.lobata","Hawaii"
"4376","GO:0006264","mitochondrial DNA replication","BP",0.002970756,"mitochondrial DNA replication","cell organization and biogenesis","P","P.lobata","Hawaii"
"4398","GO:0006283","transcription-coupled nucleotide-excision repair","BP",0.046646858,"transcription-coupled nucleotide-excision repair","DNA metabolism","P","P.lobata","Hawaii"
"4399","GO:0006283","transcription-coupled nucleotide-excision repair","BP",0.046646858,"transcription-coupled nucleotide-excision repair","stress response","P","P.lobata","Hawaii"
"4446","GO:0006312","mitotic recombination","BP",0.031820576,"mitotic recombination","DNA metabolism","P","P.lobata","Hawaii"
"44691","GO:0006346","DNA methylation-dependent heterochromatin assembly","BP",0.038672019,"methylation-dependent chromatin silencing","RNA metabolism","P","P.lobata","Hawaii"
"44701","GO:0006346","DNA methylation-dependent heterochromatin assembly","BP",0.038672019,"methylation-dependent chromatin silencing","cell organization and biogenesis","P","P.lobata","Hawaii"
"4488","GO:0006362","transcription elongation from RNA polymerase I promoter","BP",0.015494047,"RNA elongation from RNA polymerase I promoter","RNA metabolism","P","P.lobata","Hawaii"
"4598","GO:0006468","protein phosphorylation","BP",0.00984472,"protein amino acid phosphorylation","protein metabolism","P","P.lobata","Hawaii"
"4606","GO:0006477","protein sulfation","BP",0.022136078,"protein amino acid sulfation","protein metabolism","P","P.lobata","Hawaii"
"4617","GO:0006491","N-glycan processing","BP",0.039878479,"N-glycan processing","protein metabolism","P","P.lobata","Hawaii"
"4766","GO:0006646","phosphatidylethanolamine biosynthetic process","BP",0.000504796,"phosphatidylethanolamine biosynthetic process","other metabolic processes","P","P.lobata","Hawaii"
"5112","GO:0007010","cytoskeleton organization","BP",0.008079152,"cytoskeleton organization","cell organization and biogenesis","P","P.lobata","Hawaii"
"5117","GO:0007017","microtubule-based process","BP",0.037597796,"microtubule-based process","other biological processes","P","P.lobata","Hawaii"
"5150","GO:0007052","mitotic spindle organization","BP",0.028261158,"mitotic spindle organization","cell organization and biogenesis","P","P.lobata","Hawaii"
"5151","GO:0007052","mitotic spindle organization","BP",0.028261158,"mitotic spindle organization","cell cycle and proliferation","P","P.lobata","Hawaii"
"5164","GO:0007059","chromosome segregation","BP",0.020076301,"chromosome segregation","other biological processes","P","P.lobata","Hawaii"
"5303","GO:0007169","transmembrane receptor protein tyrosine kinase signaling pathway","BP",0.044255717,"transmembrane receptor protein tyrosine kinase signaling pathway","signal transduction","P","P.lobata","Hawaii"
"5379","GO:0007229","integrin-mediated signaling pathway","BP",0.015215116,"integrin-mediated signaling pathway","signal transduction","P","P.lobata","Hawaii"
"5492","GO:0007344","pronuclear fusion","BP",0.021874217,"pronuclear fusion","cell organization and biogenesis","P","P.lobata","Hawaii"
"5538","GO:0007387","anterior compartment pattern formation","BP",0.01839143,"anterior compartment specification","developmental processes","P","P.lobata","Hawaii"
"5539","GO:0007388","posterior compartment specification","BP",0.01839143,"posterior compartment specification","developmental processes","P","P.lobata","Hawaii"
"5643","GO:0007493","endodermal cell fate determination","BP",0.015483379,"endodermal cell fate determination","developmental processes","P","P.lobata","Hawaii"
"5652","GO:0007500","mesodermal cell fate determination","BP",0.015291358,"mesodermal cell fate determination","developmental processes","P","P.lobata","Hawaii"
"5658","GO:0007506","gonadal mesoderm development","BP",0.007992687,"gonadal mesoderm development","developmental processes","P","P.lobata","Hawaii"
"5661","GO:0007509","mesoderm migration involved in gastrulation","BP",0.016047825,"mesoderm migration","developmental processes","P","P.lobata","Hawaii"
"5674","GO:0007523","larval visceral muscle development","BP",0.007992687,"larval visceral muscle development","developmental processes","P","P.lobata","Hawaii"
"5676","GO:0007525","somatic muscle development","BP",0.039752237,"somatic muscle development","developmental processes","P","P.lobata","Hawaii"
"5741","GO:0007596","blood coagulation","BP",0.019408847,"blood coagulation","stress response","P","P.lobata","Hawaii"
"5744","GO:0007599","hemostasis","BP",0.028161525,"hemostasis","other biological processes","P","P.lobata","Hawaii"
"5807","GO:0008037","cell recognition","BP",0.022047981,"cell recognition","other biological processes","P","P.lobata","Hawaii"
"6085","GO:0008360","regulation of cell shape","BP",0.023132412,"regulation of cell shape","cell organization and biogenesis","P","P.lobata","Hawaii"
"7248","GO:0009723","response to ethylene","BP",0.003025668,"response to ethylene stimulus","other biological processes","P","P.lobata","Hawaii"
"7476","GO:0009949","polarity specification of anterior/posterior axis","BP",0.021991989,"polarity specification of anterior/posterior axis","developmental processes","P","P.lobata","Hawaii"
"7524","GO:0010002","cardioblast differentiation","BP",0.04795123,"cardioblast differentiation","developmental processes","P","P.lobata","Hawaii"
"7608","GO:0010085","polarity specification of proximal/distal axis","BP",0.023970554,"polarity specification of proximal/distal axis","developmental processes","P","P.lobata","Hawaii"
"7992","GO:0010454","negative regulation of cell fate commitment","BP",0.007493634,"negative regulation of cell fate commitment","other biological processes","P","P.lobata","Hawaii"
"7993","GO:0010455","positive regulation of cell fate commitment","BP",0.007493634,"positive regulation of cell fate commitment","other biological processes","P","P.lobata","Hawaii"
"8400","GO:0010801","negative regulation of peptidyl-threonine phosphorylation","BP",0.049250497,"negative regulation of peptidyl-threonine phosphorylation","protein metabolism","P","P.lobata","Hawaii"
"8424","GO:0010820","positive regulation of T cell chemotaxis","BP",0.038323937,"positive regulation of T cell chemotaxis","other biological processes","P","P.lobata","Hawaii"
"8590","GO:0010971","positive regulation of G2/M transition of mitotic cell cycle","BP",0.005336525,"positive regulation of G2/M transition of mitotic cell cycle","cell cycle and proliferation","P","P.lobata","Hawaii"
"8679","GO:0014033","neural crest cell differentiation","BP",0.03792525,"neural crest cell differentiation","developmental processes","P","P.lobata","Hawaii"
"8684","GO:0014036","neural crest cell fate specification","BP",0.01839143,"neural crest cell fate specification","cell organization and biogenesis","P","P.lobata","Hawaii"
"8685","GO:0014036","neural crest cell fate specification","BP",0.01839143,"neural crest cell fate specification","developmental processes","P","P.lobata","Hawaii"
"8687","GO:0014038","regulation of Schwann cell differentiation","BP",0.007511118,"regulation of Schwann cell differentiation","developmental processes","P","P.lobata","Hawaii"
"8765","GO:0014719","skeletal muscle satellite cell activation","BP",0.022253364,"satellite cell activation","other biological processes","P","P.lobata","Hawaii"
"9468","GO:0015701","bicarbonate transport","BP",0.015405533,"bicarbonate transport","transport","P","P.lobata","Hawaii"
"10151","GO:0016477","cell migration","BP",0.002553513,"cell migration","other biological processes","P","P.lobata","Hawaii"
"10269","GO:0016601","Rac protein signal transduction","BP",0.044921995,"Rac protein signal transduction","signal transduction","P","P.lobata","Hawaii"
"10692","GO:0017145","stem cell division","BP",0.034965361,"stem cell division","other biological processes","P","P.lobata","Hawaii"
"10832","GO:0018105","peptidyl-serine phosphorylation","BP",0.020122829,"peptidyl-serine phosphorylation","protein metabolism","P","P.lobata","Hawaii"
"10833","GO:0018106","peptidyl-histidine phosphorylation","BP",0.011997458,"peptidyl-histidine phosphorylation","protein metabolism","P","P.lobata","Hawaii"
"11707","GO:0019050","suppression by virus of host apoptotic process","BP",0.007990254,"suppression by virus of host apoptosis","death","P","P.lobata","Hawaii"
"12111","GO:0019478","D-amino acid catabolic process","BP",0.010441829,"D-amino acid catabolic process","other metabolic processes","P","P.lobata","Hawaii"
"12273","GO:0019646","aerobic electron transport chain","BP",0.011807868,"aerobic electron transport chain","other metabolic processes","P","P.lobata","Hawaii"
"12622","GO:0021516","dorsal spinal cord development","BP",0.040894098,"dorsal spinal cord development","developmental processes","P","P.lobata","Hawaii"
"12653","GO:0021545","cranial nerve development","BP",0.043940851,"cranial nerve development","developmental processes","P","P.lobata","Hawaii"
"12738","GO:0021631","optic nerve morphogenesis","BP",0.0151344,"optic nerve morphogenesis","developmental processes","P","P.lobata","Hawaii"
"13143","GO:0021952","central nervous system projection neuron axonogenesis","BP",0.024737015,"central nervous system projection neuron axonogenesis","cell organization and biogenesis","P","P.lobata","Hawaii"
"13144","GO:0021952","central nervous system projection neuron axonogenesis","BP",0.024737015,"central nervous system projection neuron axonogenesis","developmental processes","P","P.lobata","Hawaii"
"13215","GO:0021999","neural plate anterior/posterior regionalization","BP",0.02861052,"neural plate anterioposterior pattern formation","developmental processes","P","P.lobata","Hawaii"
"13397","GO:0030003","cellular cation homeostasis","BP",0.015492494,"cellular cation homeostasis","other biological processes","P","P.lobata","Hawaii"
"13417","GO:0030032","lamellipodium assembly","BP",0.008254256,"lamellipodium assembly","cell organization and biogenesis","P","P.lobata","Hawaii"
"13706","GO:0030324","lung development","BP",0.01541899,"lung development","developmental processes","P","P.lobata","Hawaii"
"13827","GO:0030488","tRNA methylation","BP",0.032457382,"tRNA methylation","RNA metabolism","P","P.lobata","Hawaii"
"13844","GO:0030510","regulation of BMP signaling pathway","BP",0.041205806,"regulation of BMP signaling pathway","signal transduction","P","P.lobata","Hawaii"
"14416","GO:0031056","regulation of histone modification","BP",0.038721005,"regulation of histone modification","protein metabolism","P","P.lobata","Hawaii"
"14417","GO:0031056","regulation of histone modification","BP",0.038721005,"regulation of histone modification","cell organization and biogenesis","P","P.lobata","Hawaii"
"14823","GO:0031400","negative regulation of protein modification process","BP",0.038378143,"negative regulation of protein modification process","protein metabolism","P","P.lobata","Hawaii"
"15104","GO:0031643","positive regulation of myelination","BP",0.03016937,"positive regulation of myelination","developmental processes","P","P.lobata","Hawaii"
"15814","GO:0032289","central nervous system myelin formation","BP",0.037059212,"myelin formation in the central nervous system","cell organization and biogenesis","P","P.lobata","Hawaii"
"15815","GO:0032289","central nervous system myelin formation","BP",0.037059212,"myelin formation in the central nervous system","developmental processes","P","P.lobata","Hawaii"
"17257","GO:0033567","DNA replication, Okazaki fragment processing","BP",0.034008729,"DNA replication, Okazaki fragment processing","DNA metabolism","P","P.lobata","Hawaii"
"17377","GO:0033683","nucleotide-excision repair, DNA incision","BP",0.022501559,"nucleotide-excision repair, DNA incision","DNA metabolism","P","P.lobata","Hawaii"
"17378","GO:0033683","nucleotide-excision repair, DNA incision","BP",0.022501559,"nucleotide-excision repair, DNA incision","stress response","P","P.lobata","Hawaii"
"188641","GO:0035024","negative regulation of Rho protein signal transduction","BP",0.019136123,"negative regulation of Rho protein signal transduction","signal transduction","P","P.lobata","Hawaii"
"18880","GO:0035041","sperm chromatin decondensation","BP",0.014224335,"sperm chromatin decondensation","cell organization and biogenesis","P","P.lobata","Hawaii"
"18885","GO:0035046","pronuclear migration","BP",0.020334925,"pronuclear migration","other biological processes","P","P.lobata","Hawaii"
"18899","GO:0035063","nuclear speck organization","BP",0.014224335,"nuclear speck organization","cell organization and biogenesis","P","P.lobata","Hawaii"
"18919","GO:0035076","ecdysone receptor-mediated signaling pathway","BP",0.014224335,"ecdysone receptor-mediated signaling pathway","signal transduction","P","P.lobata","Hawaii"
"18920","GO:0035076","ecdysone receptor-mediated signaling pathway","BP",0.014224335,"ecdysone receptor-mediated signaling pathway","developmental processes","P","P.lobata","Hawaii"
"18940","GO:0035092","sperm chromatin condensation","BP",0.014224335,"sperm chromatin condensation","cell organization and biogenesis","P","P.lobata","Hawaii"
"19021","GO:0035169","lymph gland plasmatocyte differentiation","BP",0.007992687,"lymph gland plasmatocyte differentiation","developmental processes","P","P.lobata","Hawaii"
"19022","GO:0035170","lymph gland crystal cell differentiation","BP",0.007992687,"lymph gland crystal cell differentiation","developmental processes","P","P.lobata","Hawaii"
"19142","GO:0035282","segmentation","BP",0.038262148,"segmentation","developmental processes","P","P.lobata","Hawaii"
"19204","GO:0040011","locomotion","BP",0.012369884,"locomotion","other biological processes","P","P.lobata","Hawaii"
"19205","GO:0040012","regulation of locomotion","BP",0.008186208,"regulation of locomotion","other biological processes","P","P.lobata","Hawaii"
"19209","GO:0040016","embryonic cleavage","BP",0.002484953,"embryonic cleavage","developmental processes","P","P.lobata","Hawaii"
"19272","GO:0042044","fluid transport","BP",0.007286888,"fluid transport","transport","P","P.lobata","Hawaii"
"19291","GO:0042065","glial cell growth","BP",0.007992687,"glial cell growth","developmental processes","P","P.lobata","Hawaii"
"19339","GO:0042117","monocyte activation","BP",0.036994457,"monocyte activation","other biological processes","P","P.lobata","Hawaii"
"19793","GO:0042542","response to hydrogen peroxide","BP",0.024208775,"response to hydrogen peroxide","stress response","P","P.lobata","Hawaii"
"19921","GO:0042670","retinal cone cell differentiation","BP",0.015788386,"retinal cone cell differentiation","developmental processes","P","P.lobata","Hawaii"
"20005","GO:0042752","regulation of circadian rhythm","BP",0.031423157,"regulation of circadian rhythm","other biological processes","P","P.lobata","Hawaii"
"20165","GO:0042908","xenobiotic transport","BP",0.016151185,"xenobiotic transport","transport","P","P.lobata","Hawaii"
"20391","GO:0043137","DNA replication, removal of RNA primer","BP",0.033721631,"DNA replication, removal of RNA primer","DNA metabolism","P","P.lobata","Hawaii"
"20392","GO:0043137","DNA replication, removal of RNA primer","BP",0.033721631,"DNA replication, removal of RNA primer","RNA metabolism","P","P.lobata","Hawaii"
"20410","GO:0043149","stress fiber assembly","BP",0.03934984,"stress fiber formation","cell organization and biogenesis","P","P.lobata","Hawaii"
"20518","GO:0043249","erythrocyte maturation","BP",0.0352962,"erythrocyte maturation","developmental processes","P","P.lobata","Hawaii"
"20652","GO:0043388","positive regulation of DNA binding","BP",0.002776444,"positive regulation of DNA binding","other biological processes","P","P.lobata","Hawaii"
"20676","GO:0043408","regulation of MAPK cascade","BP",0.022514127,"regulation of MAPKKK cascade","signal transduction","P","P.lobata","Hawaii"
"20737","GO:0043467","regulation of generation of precursor metabolites and energy","BP",0.039328628,"regulation of generation of precursor metabolites and energy","other metabolic processes","P","P.lobata","Hawaii"
"20775","GO:0043504","mitochondrial DNA repair","BP",0.001977759,"mitochondrial DNA repair","DNA metabolism","P","P.lobata","Hawaii"
"20776","GO:0043504","mitochondrial DNA repair","BP",0.001977759,"mitochondrial DNA repair","cell organization and biogenesis","P","P.lobata","Hawaii"
"20777","GO:0043504","mitochondrial DNA repair","BP",0.001977759,"mitochondrial DNA repair","stress response","P","P.lobata","Hawaii"
"21543","GO:0045002","double-strand break repair via single-strand annealing","BP",0.026771311,"double-strand break repair via single-strand annealing","stress response","P","P.lobata","Hawaii"
"21544","GO:0045002","double-strand break repair via single-strand annealing","BP",0.026771311,"double-strand break repair via single-strand annealing","DNA metabolism","P","P.lobata","Hawaii"
"21867","GO:0045315","positive regulation of compound eye photoreceptor development","BP",0.008068669,"positive regulation of compound eye photoreceptor development","developmental processes","P","P.lobata","Hawaii"
"22174","GO:0045618","positive regulation of keratinocyte differentiation","BP",0.041588768,"positive regulation of keratinocyte differentiation","other biological processes","P","P.lobata","Hawaii"
"22349","GO:0045792","negative regulation of cell size","BP",0.046516114,"negative regulation of cell size","other biological processes","P","P.lobata","Hawaii"
"22519","GO:0045944","positive regulation of transcription by RNA polymerase II","BP",0.044572701,"positive regulation of transcription from RNA polymerase II promoter","RNA metabolism","P","P.lobata","Hawaii"
"22525","GO:0045951","positive regulation of mitotic recombination","BP",0.022495091,"positive regulation of mitotic recombination","DNA metabolism","P","P.lobata","Hawaii"
"22741","GO:0046130","purine ribonucleoside catabolic process","BP",0.015094826,"purine ribonucleoside catabolic process","other metabolic processes","P","P.lobata","Hawaii"
"22992","GO:0046415","urate metabolic process","BP",0.044489809,"urate metabolic process","other metabolic processes","P","P.lobata","Hawaii"
"22993","GO:0046416","D-amino acid metabolic process","BP",0.0182556,"D-amino acid metabolic process","other metabolic processes","P","P.lobata","Hawaii"
"23124","GO:0046552","photoreceptor cell fate commitment","BP",0.00858916,"photoreceptor cell fate commitment","developmental processes","P","P.lobata","Hawaii"
"23230","GO:0046651","lymphocyte proliferation","BP",0.049264267,"lymphocyte proliferation","cell cycle and proliferation","P","P.lobata","Hawaii"
"23302","GO:0046713","borate transport","BP",0.007286888,"boron transport","transport","P","P.lobata","Hawaii"
"23502","GO:0046902","regulation of mitochondrial membrane permeability","BP",0.024167594,"regulation of mitochondrial membrane permeability","cell organization and biogenesis","P","P.lobata","Hawaii"
"23503","GO:0046902","regulation of mitochondrial membrane permeability","BP",0.024167594,"regulation of mitochondrial membrane permeability","transport","P","P.lobata","Hawaii"
"25108","GO:0048561","establishment of animal organ orientation","BP",0.014964977,"establishment of organ orientation","developmental processes","P","P.lobata","Hawaii"
"25116","GO:0048568","embryonic organ development","BP",0.020394238,"embryonic organ development","developmental processes","P","P.lobata","Hawaii"
"25171","GO:0048626","myoblast fate specification","BP",0.007992687,"myoblast cell fate specification","developmental processes","P","P.lobata","Hawaii"
"266421","GO:0051089","constitutive protein ectodomain proteolysis","BP",0.029110426,"constitutive protein ectodomain proteolysis","protein metabolism","P","P.lobata","Hawaii"
"26783","GO:0051225","spindle assembly","BP",0.01120444,"spindle assembly","cell cycle and proliferation","P","P.lobata","Hawaii"
"26784","GO:0051225","spindle assembly","BP",0.01120444,"spindle assembly","cell organization and biogenesis","P","P.lobata","Hawaii"
"27267","GO:0051638","barbed-end actin filament uncapping","BP",0.026548309,"barbed-end actin filament uncapping","cell organization and biogenesis","P","P.lobata","Hawaii"
"27268","GO:0051638","barbed-end actin filament uncapping","BP",0.026548309,"barbed-end actin filament uncapping","protein metabolism","P","P.lobata","Hawaii"
"27269","GO:0051639","actin filament network formation","BP",0.049385607,"actin filament network formation","cell organization and biogenesis","P","P.lobata","Hawaii"
"27340","GO:0051707","response to other organism","BP",0.049013967,"response to other organism","other biological processes","P","P.lobata","Hawaii"
"27510","GO:0051881","regulation of mitochondrial membrane potential","BP",0.00586522,"regulation of mitochondrial membrane potential","other biological processes","P","P.lobata","Hawaii"
"28237","GO:0055067","monovalent inorganic cation homeostasis","BP",0.038600592,"monovalent inorganic cation homeostasis","other biological processes","P","P.lobata","Hawaii"
"28365","GO:0060061","Spemann organizer formation","BP",0.03872187,"Spemann organizer formation","cell-cell signaling","P","P.lobata","Hawaii"
"28547","GO:0060218","hematopoietic stem cell differentiation","BP",0.008446077,"hemopoietic stem cell differentiation","developmental processes","P","P.lobata","Hawaii"
"28838","GO:0060480","lung goblet cell differentiation","BP",0.015449775,"lung goblet cell differentiation","developmental processes","P","P.lobata","Hawaii"
"28965","GO:0060576","intestinal epithelial cell development","BP",0.032689766,"intestinal epithelial cell development","developmental processes","P","P.lobata","Hawaii"
"29855","GO:0070487","monocyte aggregation","BP",0.035266334,"monocyte aggregation","cell adhesion","P","P.lobata","Hawaii"
