Species,Site,gene_id,length,category,over_represented_pvalue,under_represented_pvalue,numDEInCat,numInCat,term,ontology,baseMean,log2FoldChange,lfcSE,stat,pvalue,padj,Treatment_Compare,Top BLAST hit,BLAST Description ,Species_Predicted,Score (bits),e-value,Top BLAST hit,BLAST Description ,Species_Predicted,Score (bits),e-value,PDB ID,PDB description,Species,Macromolecule ,e-value
Mcavernosa,FL,Mcavernosa00001,43960,GO:0016020,0.00592882,0.99858398,7,479,membrane,CC,21.2376153,3.05316945,0.71248027,4.2852688,1.83E-05,0.01400704,CvsT3,XM_020755666.1,uncharacterized,Orbicella faveolata,12767,0,AC141001.6,X BAC RP11-1051N9 (Roswell Park Cancer Institute Human BAC Library) complete sequence,Homo sapiens,58.1,2.00E-03,"4XBM: Entity 1: Chains A, B",X-ray crystal structure of Notch ligand Delta-like 1,Homo Sapiens,Delta-like protein 1,7.09E-27
Mcavernosa,FL,Mcavernosa00001,43960,GO:0007154,0.04349099,0.99914049,1,11,cell communication,BP,21.2376153,3.05316945,0.71248027,4.2852688,1.83E-05,0.01400704,CvsT3,XM_020755666.2,uncharacterized,Orbicella faveolata,12767,0,AC141001.6,X BAC RP11-1051N9 (Roswell Park Cancer Institute Human BAC Library) complete sequence,Homo sapiens,58.1,2.00E-03,"4XBM: Entity 1: Chains A, B",X-ray crystal structure of Notch ligand Delta-like 2,Homo Sapiens,Delta-like protein 2,7.09E-27
Mcavernosa,FL,Mcavernosa01732,4318,GO:0004383,0.02782879,0.99966999,1,7,guanylate cyclase activity,MF,117.065837,-1.7946751,0.43420637,-4.1332308,3.58E-05,0.01542547,CvsT2,XM_020751488.1,atrial natriuretic peptide receptor 1-like,Orbicella faveolata,2859,0,NM_000906.4,natriuretic peptide receptor 1 (NPR1),Homo sapiens,1.92E+02,4.00E-45,6JT1: Entity 2: Chain B,Structure of human soluble guanylate cyclase in the heme oxidised state,Homo Sapiens,Guanylate cyclase soluble subunit beta-1,3.39E-42
Mcavernosa,FL,Mcavernosa01732,4318,GO:0016849,0.03488254,0.99946099,1,9,phosphorus-oxygen lyase activity,MF,117.065837,-1.7946751,0.43420637,-4.1332308,3.58E-05,0.01542547,CvsT2,XM_020751488.2,atrial natriuretic peptide receptor 1-like,Orbicella faveolata,2859,0,NM_000906.4,natriuretic peptide receptor 1 (NPR1),Homo sapiens,1.92E+02,4.00E-45,6JT1: Entity 2: Chain B,Structure of human soluble guanylate cyclase in the heme oxidised state,Homo Sapiens,Guanylate cyclase soluble subunit beta-2,3.39E-42
Mcavernosa,FL,Mcavernosa01732,4318,GO:0006182,0.02782879,0.99966999,1,7,cGMP biosynthetic process,BP,117.065837,-1.7946751,0.43420637,-4.1332308,3.58E-05,0.01542547,CvsT2,XM_020751488.3,atrial natriuretic peptide receptor 1-like,Orbicella faveolata,2859,0,NM_000906.4,natriuretic peptide receptor 1 (NPR1),Homo sapiens,1.92E+02,4.00E-45,6JT1: Entity 2: Chain B,Structure of human soluble guanylate cyclase in the heme oxidised state,Homo Sapiens,Guanylate cyclase soluble subunit beta-3,3.39E-42
Mcavernosa,FL,Mcavernosa02339,1231,GO:0017017,0.01872758,0.99986961,1,4,MAP kinase tyrosine/serine/threonine phosphatase activity,MF,129.019574,1.07151713,0.26219964,4.08664607,4.38E-05,0.01824434,CvsT2,XM_020771923.1,dual specificity protein phosphatase 1-A-like,Orbicella faveolata,1882,0,U48807.1,MAP kinase phosphatase (MKP-2),Homo sapiens,8.33E+01,2.00E-12,6D67: Entity 1: Chain A,Crystal structure of the human dual specificity phosphatase 1 catalytic domain (C258S) as a maltose binding protein fusion (maltose bound form) in complex with the designed AR protein mbp3_16,Homo Sapiens,"Maltose-binding periplasmic protein,Dual specificity protein phosphatase 1",7.70E-53
Mcavernosa,FL,Mcavernosa09510,1733,GO:0008137,0.03992127,0.99930357,1,8,NADH dehydrogenase (ubiquinone) activity,MF,62.5761886,-1.0873616,0.27891717,-3.8985107,9.68E-05,0.04748476,CvsT3,XM_020775240.1,"NADH dehydrogenase [ubiquinone] iron-sulfur protein 3, mitochondrial-like",Orbicella faveolata,592,4.00E-164,NM_004551.3,NADH:ubiquinone oxidoreductase core subunit S3 (NDUFS3),Homo sapiens,1.23E+02,7.00E-25,5LDW: Entity 3: Chain C,"Structure of mammalian respiratory Complex I, class1",Homo Sapiens,"NADH dehydrogenase [ubiquinone] iron-sulfur protein 3, mitochondrial",1.63E-39
Mcavernosa,FL,Mcavernosa09510,1733,GO:0055114,2.54E-05,0.99999617,10,420,oxidation-reduction process,BP,62.5761886,-1.0873616,0.27891717,-3.8985107,9.68E-05,0.04748476,CvsT3,XM_020775240.2,"NADH dehydrogenase [ubiquinone] iron-sulfur protein 3, mitochondrial-like",Orbicella faveolata,592,4.00E-164,NM_004551.3,NADH:ubiquinone oxidoreductase core subunit S3 (NDUFS3),Homo sapiens,1.23E+02,7.00E-25,5LDW: Entity 3: Chain C,"Structure of mammalian respiratory Complex I, class1",Homo Sapiens,"NADH dehydrogenase [ubiquinone] iron-sulfur protein 3, mitochondrial",1.63E-39
Mcavernosa,FL,Mcavernosa10311,3272,GO:0016020,0.00592882,0.99858398,7,479,membrane,CC,461.029252,-0.59004,0.14112434,-4.1809937,2.90E-05,0.01344339,CvsT2,XM_020760190.1,activin receptor type-2A-like,Orbicella faveolata,3197,0,NM_001278579.2,activin A receptor type 2A (ACVR2A),Homo sapiens,180,2.00E-41,"3SOC: Entity 1: Chains A, B",Crystal structure of Activin receptor type-IIA (ACVR2A) kinase domain in complex with a quinazolin,Homo Sapiens,Activin receptor type-2A,2.31E-119
Mcavernosa,FL,Mcavernosa10311,3272,GO:0004675,0.01720407,0.99989003,1,4,transmembrane receptor protein serine/threonine kinase activity,MF,461.029252,-0.59004,0.14112434,-4.1809937,2.90E-05,0.01344339,CvsT2,XM_020760190.2,activin receptor type-2A-like,Orbicella faveolata,3197,0,NM_001278579.2,activin A receptor type 2A (ACVR2A),Homo sapiens,180,2.00E-41,"3SOC: Entity 1: Chains A, B",Crystal structure of Activin receptor type-IIA (ACVR2A) kinase domain in complex with a quinazolin,Homo Sapiens,Activin receptor type-2A,2.31E-119
Mcavernosa,FL,Mcavernosa10311,3272,GO:0043235,0.01192106,0.99995316,1,3,receptor complex,CC,461.029252,-0.59004,0.14112434,-4.1809937,2.90E-05,0.01344339,CvsT2,XM_020760190.3,activin receptor type-2A-like,Orbicella faveolata,3197,0,NM_001278579.2,activin A receptor type 2A (ACVR2A),Homo sapiens,180,2.00E-41,"3SOC: Entity 1: Chains A, B",Crystal structure of Activin receptor type-IIA (ACVR2A) kinase domain in complex with a quinazolin,Homo Sapiens,Activin receptor type-2A,2.31E-119
Mcavernosa,FL,Mcavernosa10311,3272,GO:0046872,0.03263231,0.99481198,3,153,metal ion binding,MF,461.029252,-0.59004,0.14112434,-4.1809937,2.90E-05,0.01344339,CvsT2,XM_020760190.4,activin receptor type-2A-like,Orbicella faveolata,3197,0,NM_001278579.2,activin A receptor type 2A (ACVR2A),Homo sapiens,180,2.00E-41,"3SOC: Entity 1: Chains A, B",Crystal structure of Activin receptor type-IIA (ACVR2A) kinase domain in complex with a quinazolin,Homo Sapiens,Activin receptor type-2A,2.31E-119
Mcavernosa,FL,Mcavernosa10311,3272,GO:0038023,0.02924673,0.9996353,1,7,signaling receptor activity,MF,461.029252,-0.59004,0.14112434,-4.1809937,2.90E-05,0.01344339,CvsT2,XM_020760190.5,activin receptor type-2A-like,Orbicella faveolata,3197,0,NM_001278579.2,activin A receptor type 2A (ACVR2A),Homo sapiens,180,2.00E-41,"3SOC: Entity 1: Chains A, B",Crystal structure of Activin receptor type-IIA (ACVR2A) kinase domain in complex with a quinazolin,Homo Sapiens,Activin receptor type-2A,2.31E-119
Mcavernosa,FL,Mcavernosa10311,3272,GO:0007178,0.01720407,0.99989003,1,4,transmembrane receptor protein serine/threonine kinase signaling pathway,BP,461.029252,-0.59004,0.14112434,-4.1809937,2.90E-05,0.01344339,CvsT2,XM_020760190.5,activin receptor type-2A-like,Orbicella faveolata,3197,0,NM_001278579.2,activin A receptor type 2A (ACVR2A),Homo sapiens,180,2.00E-41,"3SOC: Entity 1: Chains A, B",Crystal structure of Activin receptor type-IIA (ACVR2A) kinase domain in complex with a quinazolin,Homo Sapiens,Activin receptor type-2A,2.31E-119
Mcavernosa,FL,Mcavernosa11839,1886,GO:0046872,0.03263231,0.99481198,3,153,metal ion binding,MF,3062.58193,-0.665927,0.15915977,-4.1840156,2.86E-05,0.01344339,CvsT2,XM_020748063.1,mRNA decay activator protein ZFP36L1-like,Orbicella faveolata,3038,0,NM_006887.5,ZFP36 ring finger protein like 2 (ZFP36L2),Homo sapiens,193,2.00E-45,1RGO: Entity 2: Chain A,Structural Basis for Recognition of the mRNA Class II AU-Rich Element by the Tandem Zinc Finger Domain of TIS11d,Homo Sapiens,Butyrate response factor 2,1.48E-40
Mcavernosa,FL,Mcavernosa16456,3209,GO:0016020,0.00592882,0.99858398,7,479,membrane,CC,59.1886746,-1.499323,0.37821723,-3.9641848,7.36E-05,0.0263152,CvsT2,XM_020748335.1,short transient receptor potential channel 4-like,Orbicella faveolata,3179,0,AL512603.26,"Human DNA sequence from clone RP11-426A21 on chromosome 10, complete sequence",Homo sapiens,52.7,7.00E-03,"6AEI: Entity 1: Chains A, B, C, D",Cryo-EM structure of the receptor-activated TRPC5 ion channel,Homo Sapiens,Short transient receptor potential channel 5,2.66E-81
Mcavernosa,FL,Mcavernosa16456,3209,GO:0070588,0.04918948,0.99888906,1,12,calcium ion transmembrane transport,BP,59.1886746,-1.499323,0.37821723,-3.9641848,7.36E-05,0.0263152,CvsT2,XM_020748335.2,short transient receptor potential channel 4-like,Orbicella faveolata,3179,0,AL512603.26,"Human DNA sequence from clone RP11-426A21 on chromosome 10, complete sequence",Homo sapiens,52.7,7.00E-03,"6AEI: Entity 1: Chains A, B, C, D",Cryo-EM structure of the receptor-activated TRPC5 ion channel,Homo Sapiens,Short transient receptor potential channel 6,2.66E-81
Mcavernosa,FL,Mcavernosa16456,3209,GO:0005262,0.04262355,0.99918285,1,10,calcium channel activity,MF,59.1886746,-1.499323,0.37821723,-3.9641848,7.36E-05,0.0263152,CvsT2,XM_020748335.3,short transient receptor potential channel 4-like,Orbicella faveolata,3179,0,AL512603.26,"Human DNA sequence from clone RP11-426A21 on chromosome 10, complete sequence",Homo sapiens,52.7,7.00E-03,"6AEI: Entity 1: Chains A, B, C, D",Cryo-EM structure of the receptor-activated TRPC5 ion channel,Homo Sapiens,Short transient receptor potential channel 7,2.66E-81
Mcavernosa,FL,Mcavernosa18273,2692,GO:0003714,0.02885382,0.99965487,1,6,transcription corepressor activity,MF,285.445739,1.02497754,0.25785035,3.97508682,7.04E-05,0.0261073,CvsT2,XM_020771706.1,protein SCAI-like,Orbicella faveolata,2327,0,NM_001144877.3,suppressor of cancer cell invasion (SCAI),Homo sapiens,132,8.00E-27,NA,NA,NA,NA,NA
Mcavernosa,FL,Mcavernosa18489,1295,GO:0016020,0.00592882,0.99858398,7,479,membrane,CC,18.3986087,-2.2170504,0.52013639,-4.2624405,2.02E-05,0.01400704,CvsT3,XM_020776683.1,"beta-1,3-glucosyltransferase-like",Orbicella faveolata,372,4.00E-98,NA,NA,NA,NA,NA,NA,NA,NA,NA,NA
Mcavernosa,FL,Mcavernosa22344,2456,GO:0006979,9.87E-05,0.99999817,3,20,response to oxidative stress,BP,180.791274,-4.0082895,0.93838445,-4.271479,1.94E-05,0.01734589,CvsT4,XM_020765640.1,peroxidasin-like,Orbicella faveolata,804,0,NA,NA,NA,NA,NA,5MFA: Entity 1: Chain A,Crystal structure of human promyeloperoxidase (proMPO),Homo sapiens,Myeloperoxidase,1.78E-51
Mcavernosa,FL,Mcavernosa22344,2456,GO:0020037,0.00010168,0.99999308,5,102,heme binding,MF,180.791274,-4.0082895,0.93838445,-4.271479,1.94E-05,0.01734589,CvsT4,XM_020765640.2,peroxidasin-like,Orbicella faveolata,804,0,NA,NA,NA,NA,NA,5MFA: Entity 1: Chain A,Crystal structure of human promyeloperoxidase (proMPO),Homo sapiens,Myeloperoxidase,1.78E-51
Mcavernosa,FL,Mcavernosa22344,2456,GO:0055114,2.54E-05,0.99999617,10,420,oxidation-reduction process,BP,180.791274,-4.0082895,0.93838445,-4.271479,1.94E-05,0.01734589,CvsT4,XM_020765640.3,peroxidasin-like,Orbicella faveolata,804,0,NA,NA,NA,NA,NA,5MFA: Entity 1: Chain A,Crystal structure of human promyeloperoxidase (proMPO),Homo sapiens,Myeloperoxidase,1.78E-51
Mcavernosa,FL,Mcavernosa22344,2456,GO:0004601,1.63E-05,0.99999985,3,12,peroxidase activity,MF,180.791274,-4.0082895,0.93838445,-4.271479,1.94E-05,0.01734589,CvsT4,XM_020765640.4,peroxidasin-like,Orbicella faveolata,804,0,NA,NA,NA,NA,NA,5MFA: Entity 1: Chain A,Crystal structure of human promyeloperoxidase (proMPO),Homo sapiens,Myeloperoxidase,1.78E-51
Mcavernosa,FL,Mcavernosa22347,2496,GO:0006979,9.87E-05,0.99999817,3,20,response to oxidative stress,BP,230.140105,-4.001076,0.88838866,-4.503745,6.68E-06,0.00834979,CvsT4,XM_020765640.1,peroxidasin-like,Orbicella faveolata,1399,0,NA,NA,NA,NA,NA,5MFA: Entity 1: Chain A,Crystal structure of human promyeloperoxidase (proMPO),Homo sapiens,Myeloperoxidase,5.99E-65
Mcavernosa,FL,Mcavernosa22347,2496,GO:0004601,1.63E-05,0.99999985,3,12,peroxidase activity,MF,230.140105,-4.001076,0.88838866,-4.503745,6.68E-06,0.00834979,CvsT4,XM_020765640.2,peroxidasin-like,Orbicella faveolata,1399,0,NA,NA,NA,NA,NA,5MFA: Entity 1: Chain A,Crystal structure of human promyeloperoxidase (proMPO),Homo sapiens,Myeloperoxidase,5.99E-65
Mcavernosa,FL,Mcavernosa22347,2496,GO:0055114,2.54E-05,0.99999617,10,420,oxidation-reduction process,BP,230.140105,-4.001076,0.88838866,-4.503745,6.68E-06,0.00834979,CvsT4,XM_020765640.3,peroxidasin-like,Orbicella faveolata,1399,0,NA,NA,NA,NA,NA,5MFA: Entity 1: Chain A,Crystal structure of human promyeloperoxidase (proMPO),Homo sapiens,Myeloperoxidase,5.99E-65
Mcavernosa,FL,Mcavernosa22347,2496,GO:0020037,0.00010168,0.99999308,5,102,heme binding,MF,230.140105,-4.001076,0.88838866,-4.503745,6.68E-06,0.00834979,CvsT4,XM_020765640.4,peroxidasin-like,Orbicella faveolata,1399,0,NA,NA,NA,NA,NA,5MFA: Entity 1: Chain A,Crystal structure of human promyeloperoxidase (proMPO),Homo sapiens,Myeloperoxidase,5.99E-65
Mcavernosa,FL,Mcavernosa24709,1200,GO:0031683,0.04235776,0.99920292,1,9,G-protein beta/gamma-subunit complex binding,MF,328.905102,-2.0685228,0.48996705,-4.221759,2.42E-05,0.01263123,CvsT2,XM_020773812.1,guanine nucleotide-binding protein G(i) subunit alpha-like,Orbicella faveolata,1511,0,NM_001256414.2,G protein subunit alpha i1 (GNAI1),Homo sapiens,180,7.00E-42,3UMR: Entity 1: Chain A,Crystal structure of the G202D mutant of human G-alpha-i1,Homo sapiens,Guanine nucleotide-binding protein G(i) subunit alpha-1,8.23E-46
Mcavernosa,FL,Mcavernosa24709,1200,GO:0031683,0.04235776,0.99920292,1,9,G-protein beta/gamma-subunit complex binding,MF,328.905102,-2.1903987,0.48942659,-4.4754386,7.63E-06,0.00676931,CvsT1,XM_020773812.2,guanine nucleotide-binding protein G(i) subunit alpha-like,Orbicella faveolata,1511,0,NM_001256414.2,G protein subunit alpha i1 (GNAI1),Homo sapiens,180,7.00E-42,3UMR: Entity 1: Chain A,Crystal structure of the G202D mutant of human G-alpha-i1,Homo sapiens,Guanine nucleotide-binding protein G(i) subunit alpha-1,8.23E-46
Mcavernosa,FL,Mcavernosa24709,1200,GO:0031683,0.04235776,0.99920292,1,9,G-protein beta/gamma-subunit complex binding,MF,328.905102,-2.5556067,0.48911533,-5.2249573,1.74E-07,0.00024689,CvsT3,XM_020773812.3,guanine nucleotide-binding protein G(i) subunit alpha-like,Orbicella faveolata,1511,0,NM_001256414.2,G protein subunit alpha i1 (GNAI1),Homo sapiens,180,7.00E-42,3UMR: Entity 1: Chain A,Crystal structure of the G202D mutant of human G-alpha-i1,Homo sapiens,Guanine nucleotide-binding protein G(i) subunit alpha-1,8.23E-46
Mcavernosa,FL,Mcavernosa24709,1200,GO:0019001,0.04235776,0.99920292,1,9,guanyl nucleotide binding,MF,328.905102,-2.0685228,0.48996705,-4.221759,2.42E-05,0.01263123,CvsT2,XM_020773812.4,guanine nucleotide-binding protein G(i) subunit alpha-like,Orbicella faveolata,1511,0,NM_001256414.2,G protein subunit alpha i1 (GNAI1),Homo sapiens,180,7.00E-42,3UMR: Entity 1: Chain A,Crystal structure of the G202D mutant of human G-alpha-i1,Homo sapiens,Guanine nucleotide-binding protein G(i) subunit alpha-1,8.23E-46
Mcavernosa,FL,Mcavernosa24709,1200,GO:0019001,0.04235776,0.99920292,1,9,guanyl nucleotide binding,MF,328.905102,-2.1903987,0.48942659,-4.4754386,7.63E-06,0.00676931,CvsT1,XM_020773812.5,guanine nucleotide-binding protein G(i) subunit alpha-like,Orbicella faveolata,1511,0,NM_001256414.2,G protein subunit alpha i1 (GNAI1),Homo sapiens,180,7.00E-42,3UMR: Entity 1: Chain A,Crystal structure of the G202D mutant of human G-alpha-i1,Homo sapiens,Guanine nucleotide-binding protein G(i) subunit alpha-1,8.23E-46
Mcavernosa,FL,Mcavernosa24709,1200,GO:0019001,0.04235776,0.99920292,1,9,guanyl nucleotide binding,MF,328.905102,-2.5556067,0.48911533,-5.2249573,1.74E-07,0.00024689,CvsT3,XM_020773812.6,guanine nucleotide-binding protein G(i) subunit alpha-like,Orbicella faveolata,1511,0,NM_001256414.2,G protein subunit alpha i1 (GNAI1),Homo sapiens,180,7.00E-42,3UMR: Entity 1: Chain A,Crystal structure of the G202D mutant of human G-alpha-i1,Homo sapiens,Guanine nucleotide-binding protein G(i) subunit alpha-1,8.23E-46
Mcavernosa,FL,Mcavernosa29012,716,GO:0000786,0.03941178,0.99932137,1,8,nucleosome,CC,244.617249,-1.1706591,0.28291184,-4.1378936,3.51E-05,0.01943952,CvsT3,XM_020764224.1,histone H2A.V,Orbicella faveolata,1016,0,NM_002106.4,H2A.Z variant histone 1 (H2AZ1),Homo sapiens,240,5.00E-60,"3WAA: Entity 3: Chains C, G",The nucleosome containing human H2A.Z.2,Homo sapiens,Histone H2A.V,4.43E-68
Mcavernosa,FL,Mcavernosa30410,2360,GO:0055114,2.54E-05,0.99999617,10,420,oxidation-reduction process,BP,67.8741326,-4.8400383,1.17793337,-4.1089236,3.98E-05,0.03107018,CvsT4,XM_020765640.1,peroxidasin-like,Orbicella faveolata,1074,0,,,,,,5MFA: Entity 1: Chain A,Crystal structure of human promyeloperoxidase (proMPO),Homo sapiens,Myeloperoxidase,2.35E-64
Mcavernosa,FL,Mcavernosa30410,2360,GO:0006979,9.87E-05,0.99999817,3,20,response to oxidative stress,BP,67.8741326,-4.8400383,1.17793337,-4.1089236,3.98E-05,0.03107018,CvsT4,XM_020765640.2,peroxidasin-like,Orbicella faveolata,1074,0,,,,,,5MFA: Entity 1: Chain A,Crystal structure of human promyeloperoxidase (proMPO),Homo sapiens,Myeloperoxidase,2.35E-64
Mcavernosa,FL,Mcavernosa30410,2360,GO:0020037,0.00010168,0.99999308,5,102,heme binding,MF,67.8741326,-4.8400383,1.17793337,-4.1089236,3.98E-05,0.03107018,CvsT4,XM_020765640.3,peroxidasin-like,Orbicella faveolata,1074,0,,,,,,5MFA: Entity 1: Chain A,Crystal structure of human promyeloperoxidase (proMPO),Homo sapiens,Myeloperoxidase,2.35E-64
Mcavernosa,FL,Mcavernosa30410,2360,GO:0004601,1.63E-05,0.99999985,3,12,peroxidase activity,MF,67.8741326,-4.8400383,1.17793337,-4.1089236,3.98E-05,0.03107018,CvsT4,XM_020765640.4,peroxidasin-like,Orbicella faveolata,1074,0,,,,,,5MFA: Entity 1: Chain A,Crystal structure of human promyeloperoxidase (proMPO),Homo sapiens,Myeloperoxidase,2.35E-64
Mcavernosa,FL,Mcavernosa30570,1260,GO:0015986,0.00103275,0.99998724,2,9,ATP synthesis coupled proton transport,BP,54.0972095,2.91923819,0.53988433,5.40715491,6.40E-08,0.00016016,CvsT4,AP008977.1,"mitochondrial DNA, complete genome, strain: Pa00-9",Orbicella faveolata,996,0,BC128404.1,cDNA clone IMAGE:40115449,Homo sapiens,61.7,5.00E-06,7A23: Entity 33: Chain M,Plant mitochondrial respiratory complex I,Brassica oleracea,Nad4m,4.61E-36
Mcavernosa,FL,Mcavernosa30570,1260,GO:0015986,0.00103275,0.99998724,2,9,ATP synthesis coupled proton transport,BP,54.0972095,3.7867125,0.55920744,6.7715703,1.27E-11,4.06E-08,CvsT1,AP008977.2,"mitochondrial DNA, complete genome, strain: Pa00-9",Orbicella faveolata,996,0,BC128404.1,cDNA clone IMAGE:40115449,Homo sapiens,61.7,5.00E-06,7A23: Entity 33: Chain M,Plant mitochondrial respiratory complex I,Brassica oleracea,Nad4m,4.61E-36
Mcavernosa,FL,Mcavernosa30570,1260,GO:0015986,0.00103275,0.99998724,2,9,ATP synthesis coupled proton transport,BP,54.0972095,3.41965169,0.55476163,6.16418205,7.08E-10,4.43E-06,CvsT2,AP008977.3,"mitochondrial DNA, complete genome, strain: Pa00-9",Orbicella faveolata,996,0,BC128404.1,cDNA clone IMAGE:40115449,Homo sapiens,61.7,5.00E-06,7A23: Entity 33: Chain M,Plant mitochondrial respiratory complex I,Brassica oleracea,Nad4m,4.61E-36
Mcavernosa,FL,Mcavernosa30570,1260,GO:0015986,0.00103275,0.99998724,2,9,ATP synthesis coupled proton transport,BP,54.0972095,3.77075515,0.56253212,6.70318189,2.04E-11,8.67E-08,CvsT3,AP008977.4,"mitochondrial DNA, complete genome, strain: Pa00-9",Orbicella faveolata,996,0,BC128404.1,cDNA clone IMAGE:40115449,Homo sapiens,61.7,5.00E-06,7A23: Entity 33: Chain M,Plant mitochondrial respiratory complex I,Brassica oleracea,Nad4m,4.61E-36
Mcavernosa,FL,Mcavernosa30570,1260,GO:0045263,7.88E-05,0.99999987,2,3,"proton-transporting ATP synthase complex, coupling factor F(o)",CC,54.0972095,2.91923819,0.53988433,5.40715491,6.40E-08,0.00016016,CvsT4,AP008977.5,"mitochondrial DNA, complete genome, strain: Pa00-9",Orbicella faveolata,996,0,BC128404.1,cDNA clone IMAGE:40115449,Homo sapiens,61.7,5.00E-06,7A23: Entity 33: Chain M,Plant mitochondrial respiratory complex I,Brassica oleracea,Nad4m,4.61E-36
Mcavernosa,FL,Mcavernosa30570,1260,GO:0045263,7.88E-05,0.99999987,2,3,"proton-transporting ATP synthase complex, coupling factor F(o)",CC,54.0972095,3.7867125,0.55920744,6.7715703,1.27E-11,4.06E-08,CvsT1,AP008977.6,"mitochondrial DNA, complete genome, strain: Pa00-9",Orbicella faveolata,996,0,BC128404.1,cDNA clone IMAGE:40115449,Homo sapiens,61.7,5.00E-06,7A23: Entity 33: Chain M,Plant mitochondrial respiratory complex I,Brassica oleracea,Nad4m,4.61E-36
Mcavernosa,FL,Mcavernosa30570,1260,GO:0045263,7.88E-05,0.99999987,2,3,"proton-transporting ATP synthase complex, coupling factor F(o)",CC,54.0972095,3.41965169,0.55476163,6.16418205,7.08E-10,4.43E-06,CvsT2,AP008977.7,"mitochondrial DNA, complete genome, strain: Pa00-9",Orbicella faveolata,996,0,BC128404.1,cDNA clone IMAGE:40115449,Homo sapiens,61.7,5.00E-06,7A23: Entity 33: Chain M,Plant mitochondrial respiratory complex I,Brassica oleracea,Nad4m,4.61E-36
Mcavernosa,FL,Mcavernosa30570,1260,GO:0045263,7.88E-05,0.99999987,2,3,"proton-transporting ATP synthase complex, coupling factor F(o)",CC,54.0972095,3.77075515,0.56253212,6.70318189,2.04E-11,8.67E-08,CvsT3,AP008977.8,"mitochondrial DNA, complete genome, strain: Pa00-9",Orbicella faveolata,996,0,BC128404.1,cDNA clone IMAGE:40115449,Homo sapiens,61.7,5.00E-06,7A23: Entity 33: Chain M,Plant mitochondrial respiratory complex I,Brassica oleracea,Nad4m,4.61E-36
Mcavernosa,FL,Mcavernosa30570,1260,GO:0015078,0.00106424,0.99998635,2,10,proton transmembrane transporter activity,MF,54.0972095,2.91923819,0.53988433,5.40715491,6.40E-08,0.00016016,CvsT4,AP008977.9,"mitochondrial DNA, complete genome, strain: Pa00-9",Orbicella faveolata,996,0,BC128404.1,cDNA clone IMAGE:40115449,Homo sapiens,61.7,5.00E-06,7A23: Entity 33: Chain M,Plant mitochondrial respiratory complex I,Brassica oleracea,Nad4m,4.61E-36
Mcavernosa,FL,Mcavernosa30570,1260,GO:0015078,0.00106424,0.99998635,2,10,proton transmembrane transporter activity,MF,54.0972095,3.7867125,0.55920744,6.7715703,1.27E-11,4.06E-08,CvsT1,AP008977.10,"mitochondrial DNA, complete genome, strain: Pa00-9",Orbicella faveolata,996,0,BC128404.1,cDNA clone IMAGE:40115449,Homo sapiens,61.7,5.00E-06,7A23: Entity 33: Chain M,Plant mitochondrial respiratory complex I,Brassica oleracea,Nad4m,4.61E-36
Mcavernosa,FL,Mcavernosa30570,1260,GO:0015078,0.00106424,0.99998635,2,10,proton transmembrane transporter activity,MF,54.0972095,3.41965169,0.55476163,6.16418205,7.08E-10,4.43E-06,CvsT2,AP008977.11,"mitochondrial DNA, complete genome, strain: Pa00-9",Orbicella faveolata,996,0,BC128404.1,cDNA clone IMAGE:40115449,Homo sapiens,61.7,5.00E-06,7A23: Entity 33: Chain M,Plant mitochondrial respiratory complex I,Brassica oleracea,Nad4m,4.61E-36
Mcavernosa,FL,Mcavernosa30570,1260,GO:0015078,0.00106424,0.99998635,2,10,proton transmembrane transporter activity,MF,54.0972095,3.77075515,0.56253212,6.70318189,2.04E-11,8.67E-08,CvsT3,AP008977.12,"mitochondrial DNA, complete genome, strain: Pa00-9",Orbicella faveolata,996,0,BC128404.1,cDNA clone IMAGE:40115449,Homo sapiens,61.7,5.00E-06,7A23: Entity 33: Chain M,Plant mitochondrial respiratory complex I,Brassica oleracea,Nad4m,4.61E-36
Mcavernosa,FL,Mcavernosa30571,684,GO:0016020,0.00592882,0.99858398,7,479,membrane,CC,48.8311866,4.51229021,0.62390804,7.23230012,4.75E-13,2.02E-09,CvsT1,NC_042795.1,"voucher 6044 mitochondrion, complete genome",Hydnophora exesa,929,0,CP068262.1,isolate CHM13 chromosome 16,Homo sapiens,74.3,4.00E-10,7A24: Entity 2: Chain I,Assembly intermediate of the plant mitochondrial complex I,Brassica oleracea,Nad2m,1.02E-25
Mcavernosa,FL,Mcavernosa30571,684,GO:0016020,0.00592882,0.99858398,7,479,membrane,CC,48.8311866,3.02436151,0.57677245,5.24359567,1.57E-07,0.00032823,CvsT4,NC_042795.2,"voucher 6044 mitochondrion, complete genome",Hydnophora exesa,929,0,CP068262.1,isolate CHM13 chromosome 16,Homo sapiens,74.3,4.00E-10,7A24: Entity 2: Chain I,Assembly intermediate of the plant mitochondrial complex I,Brassica oleracea,Nad2m,1.02E-25
Mcavernosa,FL,Mcavernosa30571,684,GO:0016020,0.00592882,0.99858398,7,479,membrane,CC,48.8311866,3.9750673,0.60505723,6.56973775,5.04E-11,1.61E-07,CvsT3,NC_042795.3,"voucher 6044 mitochondrion, complete genome",Hydnophora exesa,929,0,CP068262.1,isolate CHM13 chromosome 16,Homo sapiens,74.3,4.00E-10,7A24: Entity 2: Chain I,Assembly intermediate of the plant mitochondrial complex I,Brassica oleracea,Nad2m,1.02E-25
Mcavernosa,FL,Mcavernosa30571,684,GO:0016020,0.00592882,0.99858398,7,479,membrane,CC,48.8311866,3.29257335,0.58607995,5.61795943,1.93E-08,3.45E-05,CvsT2,NC_042795.4,"voucher 6044 mitochondrion, complete genome",Hydnophora exesa,929,0,CP068262.1,isolate CHM13 chromosome 16,Homo sapiens,74.3,4.00E-10,7A24: Entity 2: Chain I,Assembly intermediate of the plant mitochondrial complex I,Brassica oleracea,Nad2m,1.02E-25
Mcavernosa,FL,Mcavernosa30571,684,GO:0055114,2.54E-05,0.99999617,10,420,oxidation-reduction process,BP,48.8311866,4.51229021,0.62390804,7.23230012,4.75E-13,2.02E-09,CvsT1,NC_042795.5,"voucher 6044 mitochondrion, complete genome",Hydnophora exesa,929,0,CP068262.1,isolate CHM13 chromosome 16,Homo sapiens,74.3,4.00E-10,7A24: Entity 2: Chain I,Assembly intermediate of the plant mitochondrial complex I,Brassica oleracea,Nad2m,1.02E-25
Mcavernosa,FL,Mcavernosa30571,684,GO:0055114,2.54E-05,0.99999617,10,420,oxidation-reduction process,BP,48.8311866,3.02436151,0.57677245,5.24359567,1.57E-07,0.00032823,CvsT4,NC_042795.6,"voucher 6044 mitochondrion, complete genome",Hydnophora exesa,929,0,CP068262.1,isolate CHM13 chromosome 16,Homo sapiens,74.3,4.00E-10,7A24: Entity 2: Chain I,Assembly intermediate of the plant mitochondrial complex I,Brassica oleracea,Nad2m,1.02E-25
Mcavernosa,FL,Mcavernosa30571,684,GO:0055114,2.54E-05,0.99999617,10,420,oxidation-reduction process,BP,48.8311866,3.9750673,0.60505723,6.56973775,5.04E-11,1.61E-07,CvsT3,NC_042795.7,"voucher 6044 mitochondrion, complete genome",Hydnophora exesa,929,0,CP068262.1,isolate CHM13 chromosome 16,Homo sapiens,74.3,4.00E-10,7A24: Entity 2: Chain I,Assembly intermediate of the plant mitochondrial complex I,Brassica oleracea,Nad2m,1.02E-25
Mcavernosa,FL,Mcavernosa30571,684,GO:0055114,2.54E-05,0.99999617,10,420,oxidation-reduction process,BP,48.8311866,3.29257335,0.58607995,5.61795943,1.93E-08,3.45E-05,CvsT2,NC_042795.8,"voucher 6044 mitochondrion, complete genome",Hydnophora exesa,929,0,CP068262.1,isolate CHM13 chromosome 16,Homo sapiens,74.3,4.00E-10,7A24: Entity 2: Chain I,Assembly intermediate of the plant mitochondrial complex I,Brassica oleracea,Nad2m,1.02E-25
Mcavernosa,FL,Mcavernosa30572,1005,GO:0016020,0.00592882,0.99858398,7,479,membrane,CC,80.8354241,2.52336795,0.42849766,5.88887221,3.89E-09,1.34E-05,CvsT2,KY094479.1,"voucher 596 mitochondrion, complete genome",Favites abdita,881,0,KU683590.1,"isolate We1484 mitochondrion, partial genome",Homo sapiens,117,6.00E-23,7JRP: Entity 11: Chain a,Plant Mitochondrial complex SC III2+IV from Vigna radiata,Vigna radiata,COX1,1.09E-67
Mcavernosa,FL,Mcavernosa30572,1005,GO:0016020,0.00592882,0.99858398,7,479,membrane,CC,80.8354241,2.62108484,0.42831687,6.11949944,9.39E-10,1.71E-06,CvsT3,KY094479.2,"voucher 596 mitochondrion, complete genome",Favites abdita,881,0,KU683590.1,"isolate We1484 mitochondrion, partial genome",Homo sapiens,117,6.00E-23,7JRP: Entity 11: Chain a,Plant Mitochondrial complex SC III2+IV from Vigna radiata,Vigna radiata,COX2,1.09E-67
Mcavernosa,FL,Mcavernosa30572,1005,GO:0016020,0.00592882,0.99858398,7,479,membrane,CC,80.8354241,2.45473417,0.42400194,5.78944087,7.06E-09,1.50E-05,CvsT1,KY094479.3,"voucher 596 mitochondrion, complete genome",Favites abdita,881,0,KU683590.1,"isolate We1484 mitochondrion, partial genome",Homo sapiens,117,6.00E-23,7JRP: Entity 11: Chain a,Plant Mitochondrial complex SC III2+IV from Vigna radiata,Vigna radiata,COX3,1.09E-67
Mcavernosa,FL,Mcavernosa30572,1005,GO:0016020,0.00592882,0.99858398,7,479,membrane,CC,80.8354241,2.53692153,0.42678626,5.94424371,2.78E-09,2.30E-05,CvsT4,KY094479.4,"voucher 596 mitochondrion, complete genome",Favites abdita,881,0,KU683590.1,"isolate We1484 mitochondrion, partial genome",Homo sapiens,117,6.00E-23,7JRP: Entity 11: Chain a,Plant Mitochondrial complex SC III2+IV from Vigna radiata,Vigna radiata,COX4,1.09E-67
Mcavernosa,FL,Mcavernosa30572,1005,GO:0020037,0.00010168,0.99999308,5,102,heme binding,MF,80.8354241,2.52336795,0.42849766,5.88887221,3.89E-09,1.34E-05,CvsT2,KY094479.5,"voucher 596 mitochondrion, complete genome",Favites abdita,881,0,KU683590.1,"isolate We1484 mitochondrion, partial genome",Homo sapiens,117,6.00E-23,7JRP: Entity 11: Chain a,Plant Mitochondrial complex SC III2+IV from Vigna radiata,Vigna radiata,COX5,1.09E-67
Mcavernosa,FL,Mcavernosa30572,1005,GO:0020037,0.00010168,0.99999308,5,102,heme binding,MF,80.8354241,2.62108484,0.42831687,6.11949944,9.39E-10,1.71E-06,CvsT3,KY094479.6,"voucher 596 mitochondrion, complete genome",Favites abdita,881,0,KU683590.1,"isolate We1484 mitochondrion, partial genome",Homo sapiens,117,6.00E-23,7JRP: Entity 11: Chain a,Plant Mitochondrial complex SC III2+IV from Vigna radiata,Vigna radiata,COX6,1.09E-67
Mcavernosa,FL,Mcavernosa30572,1005,GO:0020037,0.00010168,0.99999308,5,102,heme binding,MF,80.8354241,2.45473417,0.42400194,5.78944087,7.06E-09,1.50E-05,CvsT1,KY094479.7,"voucher 596 mitochondrion, complete genome",Favites abdita,881,0,KU683590.1,"isolate We1484 mitochondrion, partial genome",Homo sapiens,117,6.00E-23,7JRP: Entity 11: Chain a,Plant Mitochondrial complex SC III2+IV from Vigna radiata,Vigna radiata,COX7,1.09E-67
Mcavernosa,FL,Mcavernosa30572,1005,GO:0020037,0.00010168,0.99999308,5,102,heme binding,MF,80.8354241,2.53692153,0.42678626,5.94424371,2.78E-09,2.30E-05,CvsT4,KY094479.8,"voucher 596 mitochondrion, complete genome",Favites abdita,881,0,KU683590.1,"isolate We1484 mitochondrion, partial genome",Homo sapiens,117,6.00E-23,7JRP: Entity 11: Chain a,Plant Mitochondrial complex SC III2+IV from Vigna radiata,Vigna radiata,COX8,1.09E-67
Mcavernosa,FL,Mcavernosa30572,1005,GO:0009060,2.82E-05,1,2,2,aerobic respiration,BP,80.8354241,2.52336795,0.42849766,5.88887221,3.89E-09,1.34E-05,CvsT2,KY094479.9,"voucher 596 mitochondrion, complete genome",Favites abdita,881,0,KU683590.1,"isolate We1484 mitochondrion, partial genome",Homo sapiens,117,6.00E-23,7JRP: Entity 11: Chain a,Plant Mitochondrial complex SC III2+IV from Vigna radiata,Vigna radiata,COX9,1.09E-67
Mcavernosa,FL,Mcavernosa30572,1005,GO:0009060,2.82E-05,1,2,2,aerobic respiration,BP,80.8354241,2.62108484,0.42831687,6.11949944,9.39E-10,1.71E-06,CvsT3,KY094479.10,"voucher 596 mitochondrion, complete genome",Favites abdita,881,0,KU683590.1,"isolate We1484 mitochondrion, partial genome",Homo sapiens,117,6.00E-23,7JRP: Entity 11: Chain a,Plant Mitochondrial complex SC III2+IV from Vigna radiata,Vigna radiata,COX10,1.09E-67
Mcavernosa,FL,Mcavernosa30572,1005,GO:0009060,2.82E-05,1,2,2,aerobic respiration,BP,80.8354241,2.45473417,0.42400194,5.78944087,7.06E-09,1.50E-05,CvsT1,KY094479.11,"voucher 596 mitochondrion, complete genome",Favites abdita,881,0,KU683590.1,"isolate We1484 mitochondrion, partial genome",Homo sapiens,117,6.00E-23,7JRP: Entity 11: Chain a,Plant Mitochondrial complex SC III2+IV from Vigna radiata,Vigna radiata,COX11,1.09E-67
Mcavernosa,FL,Mcavernosa30572,1005,GO:0009060,2.82E-05,1,2,2,aerobic respiration,BP,80.8354241,2.53692153,0.42678626,5.94424371,2.78E-09,2.30E-05,CvsT4,KY094479.12,"voucher 596 mitochondrion, complete genome",Favites abdita,881,0,KU683590.1,"isolate We1484 mitochondrion, partial genome",Homo sapiens,117,6.00E-23,7JRP: Entity 11: Chain a,Plant Mitochondrial complex SC III2+IV from Vigna radiata,Vigna radiata,COX12,1.09E-67
Mcavernosa,FL,Mcavernosa30572,1005,GO:0004129,0.00044609,0.99999681,2,6,cytochrome-c oxidase activity,MF,80.8354241,2.52336795,0.42849766,5.88887221,3.89E-09,1.34E-05,CvsT2,KY094479.13,"voucher 596 mitochondrion, complete genome",Favites abdita,881,0,KU683590.1,"isolate We1484 mitochondrion, partial genome",Homo sapiens,117,6.00E-23,7JRP: Entity 11: Chain a,Plant Mitochondrial complex SC III2+IV from Vigna radiata,Vigna radiata,COX13,1.09E-67
Mcavernosa,FL,Mcavernosa30572,1005,GO:0004129,0.00044609,0.99999681,2,6,cytochrome-c oxidase activity,MF,80.8354241,2.62108484,0.42831687,6.11949944,9.39E-10,1.71E-06,CvsT3,KY094479.14,"voucher 596 mitochondrion, complete genome",Favites abdita,881,0,KU683590.1,"isolate We1484 mitochondrion, partial genome",Homo sapiens,117,6.00E-23,7JRP: Entity 11: Chain a,Plant Mitochondrial complex SC III2+IV from Vigna radiata,Vigna radiata,COX14,1.09E-67
Mcavernosa,FL,Mcavernosa30572,1005,GO:0004129,0.00044609,0.99999681,2,6,cytochrome-c oxidase activity,MF,80.8354241,2.45473417,0.42400194,5.78944087,7.06E-09,1.50E-05,CvsT1,KY094479.15,"voucher 596 mitochondrion, complete genome",Favites abdita,881,0,KU683590.1,"isolate We1484 mitochondrion, partial genome",Homo sapiens,117,6.00E-23,7JRP: Entity 11: Chain a,Plant Mitochondrial complex SC III2+IV from Vigna radiata,Vigna radiata,COX15,1.09E-67
Mcavernosa,FL,Mcavernosa30572,1005,GO:0004129,0.00044609,0.99999681,2,6,cytochrome-c oxidase activity,MF,80.8354241,2.53692153,0.42678626,5.94424371,2.78E-09,2.30E-05,CvsT4,KY094479.16,"voucher 596 mitochondrion, complete genome",Favites abdita,881,0,KU683590.1,"isolate We1484 mitochondrion, partial genome",Homo sapiens,117,6.00E-23,7JRP: Entity 11: Chain a,Plant Mitochondrial complex SC III2+IV from Vigna radiata,Vigna radiata,COX16,1.09E-67
Mcavernosa,FL,Mcavernosa30572,1005,GO:0055114,2.54E-05,0.99999617,10,420,oxidation-reduction process,BP,80.8354241,2.52336795,0.42849766,5.88887221,3.89E-09,1.34E-05,CvsT2,KY094479.17,"voucher 596 mitochondrion, complete genome",Favites abdita,881,0,KU683590.1,"isolate We1484 mitochondrion, partial genome",Homo sapiens,117,6.00E-23,7JRP: Entity 11: Chain a,Plant Mitochondrial complex SC III2+IV from Vigna radiata,Vigna radiata,COX17,1.09E-67
Mcavernosa,FL,Mcavernosa30572,1005,GO:0055114,2.54E-05,0.99999617,10,420,oxidation-reduction process,BP,80.8354241,2.62108484,0.42831687,6.11949944,9.39E-10,1.71E-06,CvsT3,KY094479.18,"voucher 596 mitochondrion, complete genome",Favites abdita,881,0,KU683590.1,"isolate We1484 mitochondrion, partial genome",Homo sapiens,117,6.00E-23,7JRP: Entity 11: Chain a,Plant Mitochondrial complex SC III2+IV from Vigna radiata,Vigna radiata,COX18,1.09E-67
Mcavernosa,FL,Mcavernosa30572,1005,GO:0055114,2.54E-05,0.99999617,10,420,oxidation-reduction process,BP,80.8354241,2.45473417,0.42400194,5.78944087,7.06E-09,1.50E-05,CvsT1,KY094479.19,"voucher 596 mitochondrion, complete genome",Favites abdita,881,0,KU683590.1,"isolate We1484 mitochondrion, partial genome",Homo sapiens,117,6.00E-23,7JRP: Entity 11: Chain a,Plant Mitochondrial complex SC III2+IV from Vigna radiata,Vigna radiata,COX19,1.09E-67
Mcavernosa,FL,Mcavernosa30572,1005,GO:0055114,2.54E-05,0.99999617,10,420,oxidation-reduction process,BP,80.8354241,2.53692153,0.42678626,5.94424371,2.78E-09,2.30E-05,CvsT4,KY094479.20,"voucher 596 mitochondrion, complete genome",Favites abdita,881,0,KU683590.1,"isolate We1484 mitochondrion, partial genome",Homo sapiens,117,6.00E-23,7JRP: Entity 11: Chain a,Plant Mitochondrial complex SC III2+IV from Vigna radiata,Vigna radiata,COX20,1.09E-67
Mcavernosa,FL,Mcavernosa30573,849,GO:0004129,0.00044609,0.99999681,2,6,cytochrome-c oxidase activity,MF,48.3775176,1.87700654,0.4106919,4.57035198,4.87E-06,0.00761155,CvsT4,NC_044074.1,"voucher 5999 mitochondrion, complete genome",Dipsastraea rotumana,935,0,NG_046439.1,MT-CO1 pseudogene 52 (MTCO1P52) on chromosome X,Homo sapiens,124,4.00E-25,7A23: Entity 37: Chain a,Plant mitochondrial respiratory complex I,Brassica oleracea,Nad5m,2.04E-68
Mcavernosa,FL,Mcavernosa30573,849,GO:0004129,0.00044609,0.99999681,2,6,cytochrome-c oxidase activity,MF,48.3775176,2.64215298,0.42555233,6.2087617,5.34E-10,1.36E-06,CvsT1,NC_044074.2,"voucher 5999 mitochondrion, complete genome",Dipsastraea rotumana,935,0,NG_046439.1,MT-CO1 pseudogene 52 (MTCO1P52) on chromosome X,Homo sapiens,124,4.00E-25,7A23: Entity 37: Chain a,Plant mitochondrial respiratory complex I,Brassica oleracea,Nad5m,2.04E-68
Mcavernosa,FL,Mcavernosa30573,849,GO:0004129,0.00044609,0.99999681,2,6,cytochrome-c oxidase activity,MF,48.3775176,2.42937634,0.42573467,5.70631552,1.15E-08,2.41E-05,CvsT2,NC_044074.3,"voucher 5999 mitochondrion, complete genome",Dipsastraea rotumana,935,0,NG_046439.1,MT-CO1 pseudogene 52 (MTCO1P52) on chromosome X,Homo sapiens,124,4.00E-25,7A23: Entity 37: Chain a,Plant mitochondrial respiratory complex I,Brassica oleracea,Nad5m,2.04E-68
Mcavernosa,FL,Mcavernosa30573,849,GO:0004129,0.00044609,0.99999681,2,6,cytochrome-c oxidase activity,MF,48.3775176,2.62160501,0.42828415,6.12118143,9.29E-10,1.71E-06,CvsT3,NC_044074.4,"voucher 5999 mitochondrion, complete genome",Dipsastraea rotumana,935,0,NG_046439.1,MT-CO1 pseudogene 52 (MTCO1P52) on chromosome X,Homo sapiens,124,4.00E-25,7A23: Entity 37: Chain a,Plant mitochondrial respiratory complex I,Brassica oleracea,Nad5m,2.04E-68
Mcavernosa,FL,Mcavernosa30573,849,GO:0020037,0.00010168,0.99999308,5,102,heme binding,MF,48.3775176,1.87700654,0.4106919,4.57035198,4.87E-06,0.00761155,CvsT4,NC_044074.5,"voucher 5999 mitochondrion, complete genome",Dipsastraea rotumana,935,0,NG_046439.1,MT-CO1 pseudogene 52 (MTCO1P52) on chromosome X,Homo sapiens,124,4.00E-25,7A23: Entity 37: Chain a,Plant mitochondrial respiratory complex I,Brassica oleracea,Nad5m,2.04E-68
Mcavernosa,FL,Mcavernosa30573,849,GO:0020037,0.00010168,0.99999308,5,102,heme binding,MF,48.3775176,2.64215298,0.42555233,6.2087617,5.34E-10,1.36E-06,CvsT1,NC_044074.6,"voucher 5999 mitochondrion, complete genome",Dipsastraea rotumana,935,0,NG_046439.1,MT-CO1 pseudogene 52 (MTCO1P52) on chromosome X,Homo sapiens,124,4.00E-25,7A23: Entity 37: Chain a,Plant mitochondrial respiratory complex I,Brassica oleracea,Nad5m,2.04E-68
Mcavernosa,FL,Mcavernosa30573,849,GO:0020037,0.00010168,0.99999308,5,102,heme binding,MF,48.3775176,2.42937634,0.42573467,5.70631552,1.15E-08,2.41E-05,CvsT2,NC_044074.7,"voucher 5999 mitochondrion, complete genome",Dipsastraea rotumana,935,0,NG_046439.1,MT-CO1 pseudogene 52 (MTCO1P52) on chromosome X,Homo sapiens,124,4.00E-25,7A23: Entity 37: Chain a,Plant mitochondrial respiratory complex I,Brassica oleracea,Nad5m,2.04E-68
Mcavernosa,FL,Mcavernosa30573,849,GO:0020037,0.00010168,0.99999308,5,102,heme binding,MF,48.3775176,2.62160501,0.42828415,6.12118143,9.29E-10,1.71E-06,CvsT3,NC_044074.8,"voucher 5999 mitochondrion, complete genome",Dipsastraea rotumana,935,0,NG_046439.1,MT-CO1 pseudogene 52 (MTCO1P52) on chromosome X,Homo sapiens,124,4.00E-25,7A23: Entity 37: Chain a,Plant mitochondrial respiratory complex I,Brassica oleracea,Nad5m,2.04E-68
Mcavernosa,FL,Mcavernosa30573,849,GO:0055114,2.54E-05,0.99999617,10,420,oxidation-reduction process,BP,48.3775176,1.87700654,0.4106919,4.57035198,4.87E-06,0.00761155,CvsT4,NC_044074.9,"voucher 5999 mitochondrion, complete genome",Dipsastraea rotumana,935,0,NG_046439.1,MT-CO1 pseudogene 52 (MTCO1P52) on chromosome X,Homo sapiens,124,4.00E-25,7A23: Entity 37: Chain a,Plant mitochondrial respiratory complex I,Brassica oleracea,Nad5m,2.04E-68
Mcavernosa,FL,Mcavernosa30573,849,GO:0055114,2.54E-05,0.99999617,10,420,oxidation-reduction process,BP,48.3775176,2.64215298,0.42555233,6.2087617,5.34E-10,1.36E-06,CvsT1,NC_044074.10,"voucher 5999 mitochondrion, complete genome",Dipsastraea rotumana,935,0,NG_046439.1,MT-CO1 pseudogene 52 (MTCO1P52) on chromosome X,Homo sapiens,124,4.00E-25,7A23: Entity 37: Chain a,Plant mitochondrial respiratory complex I,Brassica oleracea,Nad5m,2.04E-68
Mcavernosa,FL,Mcavernosa30573,849,GO:0055114,2.54E-05,0.99999617,10,420,oxidation-reduction process,BP,48.3775176,2.42937634,0.42573467,5.70631552,1.15E-08,2.41E-05,CvsT2,NC_044074.11,"voucher 5999 mitochondrion, complete genome",Dipsastraea rotumana,935,0,NG_046439.1,MT-CO1 pseudogene 52 (MTCO1P52) on chromosome X,Homo sapiens,124,4.00E-25,7A23: Entity 37: Chain a,Plant mitochondrial respiratory complex I,Brassica oleracea,Nad5m,2.04E-68
Mcavernosa,FL,Mcavernosa30573,849,GO:0055114,2.54E-05,0.99999617,10,420,oxidation-reduction process,BP,48.3775176,2.62160501,0.42828415,6.12118143,9.29E-10,1.71E-06,CvsT3,NC_044074.12,"voucher 5999 mitochondrion, complete genome",Dipsastraea rotumana,935,0,NG_046439.1,MT-CO1 pseudogene 52 (MTCO1P52) on chromosome X,Homo sapiens,124,4.00E-25,7A23: Entity 37: Chain a,Plant mitochondrial respiratory complex I,Brassica oleracea,Nad5m,2.04E-68
Mcavernosa,FL,Mcavernosa30573,849,GO:0009060,2.82E-05,1,2,2,aerobic respiration,BP,48.3775176,1.87700654,0.4106919,4.57035198,4.87E-06,0.00761155,CvsT4,NC_044074.13,"voucher 5999 mitochondrion, complete genome",Dipsastraea rotumana,935,0,NG_046439.1,MT-CO1 pseudogene 52 (MTCO1P52) on chromosome X,Homo sapiens,124,4.00E-25,7A23: Entity 37: Chain a,Plant mitochondrial respiratory complex I,Brassica oleracea,Nad5m,2.04E-68
Mcavernosa,FL,Mcavernosa30573,849,GO:0009060,2.82E-05,1,2,2,aerobic respiration,BP,48.3775176,2.64215298,0.42555233,6.2087617,5.34E-10,1.36E-06,CvsT1,NC_044074.14,"voucher 5999 mitochondrion, complete genome",Dipsastraea rotumana,935,0,NG_046439.1,MT-CO1 pseudogene 52 (MTCO1P52) on chromosome X,Homo sapiens,124,4.00E-25,7A23: Entity 37: Chain a,Plant mitochondrial respiratory complex I,Brassica oleracea,Nad5m,2.04E-68
Mcavernosa,FL,Mcavernosa30573,849,GO:0009060,2.82E-05,1,2,2,aerobic respiration,BP,48.3775176,2.42937634,0.42573467,5.70631552,1.15E-08,2.41E-05,CvsT2,NC_044074.15,"voucher 5999 mitochondrion, complete genome",Dipsastraea rotumana,935,0,NG_046439.1,MT-CO1 pseudogene 52 (MTCO1P52) on chromosome X,Homo sapiens,124,4.00E-25,7A23: Entity 37: Chain a,Plant mitochondrial respiratory complex I,Brassica oleracea,Nad5m,2.04E-68
Mcavernosa,FL,Mcavernosa30573,849,GO:0009060,2.82E-05,1,2,2,aerobic respiration,BP,48.3775176,2.62160501,0.42828415,6.12118143,9.29E-10,1.71E-06,CvsT3,NC_044074.16,"voucher 5999 mitochondrion, complete genome",Dipsastraea rotumana,935,0,NG_046439.1,MT-CO1 pseudogene 52 (MTCO1P52) on chromosome X,Homo sapiens,124,4.00E-25,7A23: Entity 37: Chain a,Plant mitochondrial respiratory complex I,Brassica oleracea,Nad5m,2.04E-68
Mcavernosa,FL,Mcavernosa30574,1797,GO:0015078,0.00106424,0.99998635,2,10,proton transmembrane transporter activity,MF,67.213317,2.76464484,0.47413393,5.83093654,5.51E-09,2.30E-05,CvsT4,DQ643833.1,"mitochondrion, complete genome",Colpophyllia natans,996,0,NA,NA,NA,NA,NA,NA,NA,NA,NA,NA
Mcavernosa,FL,Mcavernosa30574,1797,GO:0015078,0.00106424,0.99998635,2,10,proton transmembrane transporter activity,MF,67.213317,3.08019516,0.48265686,6.38174953,1.75E-10,2.19E-06,CvsT2,DQ643833.2,"mitochondrion, complete genome",Colpophyllia natans,996,0,NA,NA,NA,NA,NA,NA,NA,NA,NA,NA
Mcavernosa,FL,Mcavernosa30574,1797,GO:0015078,0.00106424,0.99998635,2,10,proton transmembrane transporter activity,MF,67.213317,3.36451038,0.48690415,6.91000556,4.85E-12,3.09E-08,CvsT3,DQ643833.3,"mitochondrion, complete genome",Colpophyllia natans,996,0,NA,NA,NA,NA,NA,NA,NA,NA,NA,NA
Mcavernosa,FL,Mcavernosa30574,1797,GO:0015078,0.00106424,0.99998635,2,10,proton transmembrane transporter activity,MF,67.213317,3.59045149,0.48977663,7.33079379,2.29E-13,1.46E-09,CvsT1,DQ643833.4,"mitochondrion, complete genome",Colpophyllia natans,996,0,NA,NA,NA,NA,NA,NA,NA,NA,NA,NA
Mcavernosa,FL,Mcavernosa30574,1797,GO:0015986,0.00103275,0.99998724,2,9,ATP synthesis coupled proton transport,BP,67.213317,2.76464484,0.47413393,5.83093654,5.51E-09,2.30E-05,CvsT4,DQ643833.5,"mitochondrion, complete genome",Colpophyllia natans,996,0,NA,NA,NA,NA,NA,NA,NA,NA,NA,NA
Mcavernosa,FL,Mcavernosa30574,1797,GO:0015986,0.00103275,0.99998724,2,9,ATP synthesis coupled proton transport,BP,67.213317,3.08019516,0.48265686,6.38174953,1.75E-10,2.19E-06,CvsT2,DQ643833.6,"mitochondrion, complete genome",Colpophyllia natans,996,0,NA,NA,NA,NA,NA,NA,NA,NA,NA,NA
Mcavernosa,FL,Mcavernosa30574,1797,GO:0015986,0.00103275,0.99998724,2,9,ATP synthesis coupled proton transport,BP,67.213317,3.36451038,0.48690415,6.91000556,4.85E-12,3.09E-08,CvsT3,DQ643833.7,"mitochondrion, complete genome",Colpophyllia natans,996,0,NA,NA,NA,NA,NA,NA,NA,NA,NA,NA
Mcavernosa,FL,Mcavernosa30574,1797,GO:0015986,0.00103275,0.99998724,2,9,ATP synthesis coupled proton transport,BP,67.213317,3.59045149,0.48977663,7.33079379,2.29E-13,1.46E-09,CvsT1,DQ643833.8,"mitochondrion, complete genome",Colpophyllia natans,996,0,NA,NA,NA,NA,NA,NA,NA,NA,NA,NA
Mcavernosa,FL,Mcavernosa30574,1797,GO:0045263,7.88E-05,0.99999987,2,3,"proton-transporting ATP synthase complex, coupling factor F(o)",CC,67.213317,2.76464484,0.47413393,5.83093654,5.51E-09,2.30E-05,CvsT4,DQ643833.9,"mitochondrion, complete genome",Colpophyllia natans,996,0,NA,NA,NA,NA,NA,NA,NA,NA,NA,NA
Mcavernosa,FL,Mcavernosa30574,1797,GO:0045263,7.88E-05,0.99999987,2,3,"proton-transporting ATP synthase complex, coupling factor F(o)",CC,67.213317,3.08019516,0.48265686,6.38174953,1.75E-10,2.19E-06,CvsT2,DQ643833.10,"mitochondrion, complete genome",Colpophyllia natans,996,0,NA,NA,NA,NA,NA,NA,NA,NA,NA,NA
Mcavernosa,FL,Mcavernosa30574,1797,GO:0045263,7.88E-05,0.99999987,2,3,"proton-transporting ATP synthase complex, coupling factor F(o)",CC,67.213317,3.36451038,0.48690415,6.91000556,4.85E-12,3.09E-08,CvsT3,DQ643833.11,"mitochondrion, complete genome",Colpophyllia natans,996,0,NA,NA,NA,NA,NA,NA,NA,NA,NA,NA
Mcavernosa,FL,Mcavernosa30574,1797,GO:0045263,7.88E-05,0.99999987,2,3,"proton-transporting ATP synthase complex, coupling factor F(o)",CC,67.213317,3.59045149,0.48977663,7.33079379,2.29E-13,1.46E-09,CvsT1,DQ643833.12,"mitochondrion, complete genome",Colpophyllia natans,996,0,NA,NA,NA,NA,NA,NA,NA,NA,NA,NA
Mcavernosa,FL,Mcavernosa30575,519,GO:0055114,2.54E-05,0.99999617,10,420,oxidation-reduction process,BP,43.9545456,3.35116407,0.57068015,5.87222819,4.30E-09,1.34E-05,CvsT2,DQ643833.1,"mitochondrion, complete genome",Colpophyllia natans,647,0,CP068262.1,isolate CHM13 chromosome 16,Homo sapiens,74.3,3.00E-10,6X89: Entity 18: Chain 2M,Vigna radiata mitochondrial complex I*,Vigna radiata,NU2M,2.29E-21
Mcavernosa,FL,Mcavernosa30575,519,GO:0055114,2.54E-05,0.99999617,10,420,oxidation-reduction process,BP,43.9545456,4.20762469,0.60127993,6.99778006,2.60E-12,3.09E-08,CvsT3,DQ643833.2,"mitochondrion, complete genome",Colpophyllia natans,647,0,CP068262.1,isolate CHM13 chromosome 16,Homo sapiens,74.3,3.00E-10,6X89: Entity 18: Chain 2M,Vigna radiata mitochondrial complex I*,Vigna radiata,NU2M,2.29E-21
Mcavernosa,FL,Mcavernosa30575,519,GO:0055114,2.54E-05,0.99999617,10,420,oxidation-reduction process,BP,43.9545456,3.08014044,0.55975957,5.50261332,3.74E-08,0.00011699,CvsT4,DQ643833.3,"mitochondrion, complete genome",Colpophyllia natans,647,0,CP068262.1,isolate CHM13 chromosome 16,Homo sapiens,74.3,3.00E-10,6X89: Entity 18: Chain 2M,Vigna radiata mitochondrial complex I*,Vigna radiata,NU2M,2.29E-21
Mcavernosa,FL,Mcavernosa30575,519,GO:0055114,2.54E-05,0.99999617,10,420,oxidation-reduction process,BP,43.9545456,4.5062565,0.61100355,7.3751724,1.64E-13,1.46E-09,CvsT1,DQ643833.4,"mitochondrion, complete genome",Colpophyllia natans,647,0,CP068262.1,isolate CHM13 chromosome 16,Homo sapiens,74.3,3.00E-10,6X89: Entity 18: Chain 2M,Vigna radiata mitochondrial complex I*,Vigna radiata,NU2M,2.29E-21
Mcavernosa,FL,Mcavernosa30575,519,GO:0016020,0.00592882,0.99858398,7,479,membrane,CC,43.9545456,3.35116407,0.57068015,5.87222819,4.30E-09,1.34E-05,CvsT2,DQ643833.5,"mitochondrion, complete genome",Colpophyllia natans,647,0,CP068262.1,isolate CHM13 chromosome 16,Homo sapiens,74.3,3.00E-10,6X89: Entity 18: Chain 2M,Vigna radiata mitochondrial complex I*,Vigna radiata,NU2M,2.29E-21
Mcavernosa,FL,Mcavernosa30575,519,GO:0016020,0.00592882,0.99858398,7,479,membrane,CC,43.9545456,4.20762469,0.60127993,6.99778006,2.60E-12,3.09E-08,CvsT3,DQ643833.6,"mitochondrion, complete genome",Colpophyllia natans,647,0,CP068262.1,isolate CHM13 chromosome 16,Homo sapiens,74.3,3.00E-10,6X89: Entity 18: Chain 2M,Vigna radiata mitochondrial complex I*,Vigna radiata,NU2M,2.29E-21
Mcavernosa,FL,Mcavernosa30575,519,GO:0016020,0.00592882,0.99858398,7,479,membrane,CC,43.9545456,3.08014044,0.55975957,5.50261332,3.74E-08,0.00011699,CvsT4,DQ643833.7,"mitochondrion, complete genome",Colpophyllia natans,647,0,CP068262.1,isolate CHM13 chromosome 16,Homo sapiens,74.3,3.00E-10,6X89: Entity 18: Chain 2M,Vigna radiata mitochondrial complex I*,Vigna radiata,NU2M,2.29E-21
Mcavernosa,FL,Mcavernosa30575,519,GO:0016020,0.00592882,0.99858398,7,479,membrane,CC,43.9545456,4.5062565,0.61100355,7.3751724,1.64E-13,1.46E-09,CvsT1,DQ643833.8,"mitochondrion, complete genome",Colpophyllia natans,647,0,CP068262.1,isolate CHM13 chromosome 16,Homo sapiens,74.3,3.00E-10,6X89: Entity 18: Chain 2M,Vigna radiata mitochondrial complex I*,Vigna radiata,NU2M,2.29E-21
Mcavernosa,FL,Mcavernosa30729,5181,GO:0055114,2.54E-05,0.99999617,10,420,oxidation-reduction process,BP,261.992298,-1.15666,0.24533511,-4.7146126,2.42E-06,0.00308913,CvsT1,XM_020776992.1,"histidinol dehydrogenase, chloroplastic-like",Orbicella faveolata,1696,0,AC105388.3,"BAC clone RP11-173C9 from 4, complete sequence",Homo sapiens,50,0.04,"5VLD: Entity 1: Chains A, B, C, D, E, F",Crystal Structure of Medicago truncatula L-Histidinol Dehydrogenase in Complex with L-Histidine and NAD+,Medicago truncatula,"Histidinol dehydrogenase, chloroplastic",4.50E-116
Mcavernosa,FL,Mcavernosa30729,5181,GO:0055114,2.54E-05,0.99999617,10,420,oxidation-reduction process,BP,261.992298,-1.2141442,0.24552938,-4.9450057,7.61E-07,0.00088297,CvsT3,XM_020776992.2,"histidinol dehydrogenase, chloroplastic-like",Orbicella faveolata,1696,0,AC105388.3,"BAC clone RP11-173C9 from 4, complete sequence",Homo sapiens,50,0.04,"5VLD: Entity 1: Chains A, B, C, D, E, F",Crystal Structure of Medicago truncatula L-Histidinol Dehydrogenase in Complex with L-Histidine and NAD+,Medicago truncatula,"Histidinol dehydrogenase, chloroplastic",4.50E-116
Mcavernosa,FL,Mcavernosa30729,5181,GO:0000105,0.03352588,0.99951996,1,7,histidine biosynthetic process,BP,261.992298,-1.15666,0.24533511,-4.7146126,2.42E-06,0.00308913,CvsT1,XM_020776992.3,"histidinol dehydrogenase, chloroplastic-like",Orbicella faveolata,1696,0,AC105388.3,"BAC clone RP11-173C9 from 4, complete sequence",Homo sapiens,50,0.04,"5VLD: Entity 1: Chains A, B, C, D, E, F",Crystal Structure of Medicago truncatula L-Histidinol Dehydrogenase in Complex with L-Histidine and NAD+,Medicago truncatula,"Histidinol dehydrogenase, chloroplastic",4.50E-116
Mcavernosa,FL,Mcavernosa30729,5181,GO:0000105,0.03352588,0.99951996,1,7,histidine biosynthetic process,BP,261.992298,-1.2141442,0.24552938,-4.9450057,7.61E-07,0.00088297,CvsT3,XM_020776992.4,"histidinol dehydrogenase, chloroplastic-like",Orbicella faveolata,1696,0,AC105388.3,"BAC clone RP11-173C9 from 4, complete sequence",Homo sapiens,50,0.04,"5VLD: Entity 1: Chains A, B, C, D, E, F",Crystal Structure of Medicago truncatula L-Histidinol Dehydrogenase in Complex with L-Histidine and NAD+,Medicago truncatula,"Histidinol dehydrogenase, chloroplastic",4.50E-116
Mcavernosa,FL,Mcavernosa30729,5181,GO:0004635,0.0036284,1,1,1,phosphoribosyl-AMP cyclohydrolase activity,MF,261.992298,-1.15666,0.24533511,-4.7146126,2.42E-06,0.00308913,CvsT1,XM_020776992.5,"histidinol dehydrogenase, chloroplastic-like",Orbicella faveolata,1696,0,AC105388.3,"BAC clone RP11-173C9 from 4, complete sequence",Homo sapiens,50,0.04,"5VLD: Entity 1: Chains A, B, C, D, E, F",Crystal Structure of Medicago truncatula L-Histidinol Dehydrogenase in Complex with L-Histidine and NAD+,Medicago truncatula,"Histidinol dehydrogenase, chloroplastic",4.50E-116
Mcavernosa,FL,Mcavernosa30729,5181,GO:0004635,0.0036284,1,1,1,phosphoribosyl-AMP cyclohydrolase activity,MF,261.992298,-1.2141442,0.24552938,-4.9450057,7.61E-07,0.00088297,CvsT3,XM_020776992.6,"histidinol dehydrogenase, chloroplastic-like",Orbicella faveolata,1696,0,AC105388.3,"BAC clone RP11-173C9 from 4, complete sequence",Homo sapiens,50,0.04,"5VLD: Entity 1: Chains A, B, C, D, E, F",Crystal Structure of Medicago truncatula L-Histidinol Dehydrogenase in Complex with L-Histidine and NAD+,Medicago truncatula,"Histidinol dehydrogenase, chloroplastic",4.50E-116
Mcavernosa,FL,Mcavernosa30729,5181,GO:0004636,0.0036284,1,1,1,phosphoribosyl-ATP diphosphatase activity,MF,261.992298,-1.15666,0.24533511,-4.7146126,2.42E-06,0.00308913,CvsT1,XM_020776992.7,"histidinol dehydrogenase, chloroplastic-like",Orbicella faveolata,1696,0,AC105388.3,"BAC clone RP11-173C9 from 4, complete sequence",Homo sapiens,50,0.04,"5VLD: Entity 1: Chains A, B, C, D, E, F",Crystal Structure of Medicago truncatula L-Histidinol Dehydrogenase in Complex with L-Histidine and NAD+,Medicago truncatula,"Histidinol dehydrogenase, chloroplastic",4.50E-116
Mcavernosa,FL,Mcavernosa30729,5181,GO:0004636,0.0036284,1,1,1,phosphoribosyl-ATP diphosphatase activity,MF,261.992298,-1.2141442,0.24552938,-4.9450057,7.61E-07,0.00088297,CvsT3,XM_020776992.8,"histidinol dehydrogenase, chloroplastic-like",Orbicella faveolata,1696,0,AC105388.3,"BAC clone RP11-173C9 from 4, complete sequence",Homo sapiens,50,0.04,"5VLD: Entity 1: Chains A, B, C, D, E, F",Crystal Structure of Medicago truncatula L-Histidinol Dehydrogenase in Complex with L-Histidine and NAD+,Medicago truncatula,"Histidinol dehydrogenase, chloroplastic",4.50E-116
Mcavernosa,FL,Mcavernosa30729,5181,GO:0004399,0.0036284,1,1,1,histidinol dehydrogenase activity,MF,261.992298,-1.15666,0.24533511,-4.7146126,2.42E-06,0.00308913,CvsT1,XM_020776992.9,"histidinol dehydrogenase, chloroplastic-like",Orbicella faveolata,1696,0,AC105388.3,"BAC clone RP11-173C9 from 4, complete sequence",Homo sapiens,50,0.04,"5VLD: Entity 1: Chains A, B, C, D, E, F",Crystal Structure of Medicago truncatula L-Histidinol Dehydrogenase in Complex with L-Histidine and NAD+,Medicago truncatula,"Histidinol dehydrogenase, chloroplastic",4.50E-116
Mcavernosa,FL,Mcavernosa30729,5181,GO:0004399,0.0036284,1,1,1,histidinol dehydrogenase activity,MF,261.992298,-1.2141442,0.24552938,-4.9450057,7.61E-07,0.00088297,CvsT3,XM_020776992.10,"histidinol dehydrogenase, chloroplastic-like",Orbicella faveolata,1696,0,AC105388.3,"BAC clone RP11-173C9 from 4, complete sequence",Homo sapiens,50,0.04,"5VLD: Entity 1: Chains A, B, C, D, E, F",Crystal Structure of Medicago truncatula L-Histidinol Dehydrogenase in Complex with L-Histidine and NAD+,Medicago truncatula,"Histidinol dehydrogenase, chloroplastic",4.50E-116
Mcavernosa,FL,Mcavernosa30729,5181,GO:0046872,0.03263231,0.99481198,3,153,metal ion binding,MF,261.992298,-1.15666,0.24533511,-4.7146126,2.42E-06,0.00308913,CvsT1,XM_020776992.11,"histidinol dehydrogenase, chloroplastic-like",Orbicella faveolata,1696,0,AC105388.3,"BAC clone RP11-173C9 from 4, complete sequence",Homo sapiens,50,0.04,"5VLD: Entity 1: Chains A, B, C, D, E, F",Crystal Structure of Medicago truncatula L-Histidinol Dehydrogenase in Complex with L-Histidine and NAD+,Medicago truncatula,"Histidinol dehydrogenase, chloroplastic",4.50E-116
Mcavernosa,FL,Mcavernosa30729,5181,GO:0046872,0.03263231,0.99481198,3,153,metal ion binding,MF,261.992298,-1.2141442,0.24552938,-4.9450057,7.61E-07,0.00088297,CvsT3,XM_020776992.12,"histidinol dehydrogenase, chloroplastic-like",Orbicella faveolata,1696,0,AC105388.3,"BAC clone RP11-173C9 from 4, complete sequence",Homo sapiens,50,0.04,"5VLD: Entity 1: Chains A, B, C, D, E, F",Crystal Structure of Medicago truncatula L-Histidinol Dehydrogenase in Complex with L-Histidine and NAD+,Medicago truncatula,"Histidinol dehydrogenase, chloroplastic",4.50E-116
Mcavernosa,FL,Mcavernosa30960,336,GO:0055114,2.54E-05,0.99999617,10,420,oxidation-reduction process,BP,285.148275,-1.3051776,0.27509101,-4.7445303,2.09E-06,0.00373377,CvsT4,XM_020745320.1,peroxiredoxin-1-like,Orbicella faveolata,342,0,AC009480.4,"BAC clone RP11-295N18 from 2, complete sequence",Homo sapiens,49.1,0.008,"2Z9S: Entity 1: Chains A, B, C, D, E, F, G, H, I, J","Crystal Structure Analysis of rat HBP23/Peroxiredoxin I, Cys52Ser mutant",Rattus norvegicus,Peroxiredoxin-1,3.73E-09
Mcavernosa,FL,Mcavernosa30960,336,GO:0055114,2.54E-05,0.99999617,10,420,oxidation-reduction process,BP,285.148275,-1.0803294,0.27574756,-3.9178202,8.94E-05,0.04559164,CvsT3,XM_020745320.2,peroxiredoxin-1-like,Orbicella faveolata,342,0,AC009480.4,"BAC clone RP11-295N18 from 2, complete sequence",Homo sapiens,49.1,0.008,"2Z9S: Entity 1: Chains A, B, C, D, E, F, G, H, I, J","Crystal Structure Analysis of rat HBP23/Peroxiredoxin I, Cys52Ser mutant",Rattus norvegicus,Peroxiredoxin-2,3.73E-09
Mcavernosa,FL,Mcavernosa30960,336,GO:0051920,0.02702164,0.99970954,1,5,peroxiredoxin activity,MF,285.148275,-1.3051776,0.27509101,-4.7445303,2.09E-06,0.00373377,CvsT4,XM_020745320.3,peroxiredoxin-1-like,Orbicella faveolata,342,0,AC009480.4,"BAC clone RP11-295N18 from 2, complete sequence",Homo sapiens,49.1,0.008,"2Z9S: Entity 1: Chains A, B, C, D, E, F, G, H, I, J","Crystal Structure Analysis of rat HBP23/Peroxiredoxin I, Cys52Ser mutant",Rattus norvegicus,Peroxiredoxin-3,3.73E-09
Mcavernosa,FL,Mcavernosa30960,336,GO:0051920,0.02702164,0.99970954,1,5,peroxiredoxin activity,MF,285.148275,-1.0803294,0.27574756,-3.9178202,8.94E-05,0.04559164,CvsT3,XM_020745320.4,peroxiredoxin-1-like,Orbicella faveolata,342,0,AC009480.4,"BAC clone RP11-295N18 from 2, complete sequence",Homo sapiens,49.1,0.008,"2Z9S: Entity 1: Chains A, B, C, D, E, F, G, H, I, J","Crystal Structure Analysis of rat HBP23/Peroxiredoxin I, Cys52Ser mutant",Rattus norvegicus,Peroxiredoxin-4,3.73E-09