Metadata,,,,GOSeq,,,,,,,,DESeq2,,,,,,,BLASTn,,,,,BLASTn (Homo sapiens),,,,,PDB  ,,,,
Species,Site,gene_id,length,category,over_represented_pvalue,under_represented_pvalue,numDEInCat,numInCat,term,,ontology,baseMean,log2FoldChange,lfcSE,stat,pvalue,padj,Treatment_Compare,Top BLAST hit,BLAST Description ,Species_Predicted,Score (bits),e-value,Top BLAST hit,BLAST Description ,Species_Predicted,Score (bits),e-value,PDB ID,PDB description,Species,Macromolecule ,e-value
Plobata,Hawaii,plut2.m8.11192,,GO:0005164,0.01943687,0.99879786,2,15,tumor necrosis factor receptor binding,,MF,183.571028,-1.6396888,0.20741284,-7.9054354,2.67E-15,5.13E-12,CvsHigh,NA,NA,NA,NA,NA,NA,NA,NA,NA,NA,6ZT0: Entity 1: Chain A,Crystal structure of the Eiger TNF domain/Grindelwald extracellular domain complex,Drosophila melanogaster,Protein eiger,0.0001489
Plobata,Hawaii,plut2.m8.11192,,GO:0005164,0.01943687,0.99879786,2,15,tumor necrosis factor receptor binding,,MF,183.571028,-1.6279627,0.20904729,-7.7875329,6.83E-15,1.50E-11,CvsMid,NA,NA,NA,NA,NA,NA,NA,NA,NA,NA,6ZT0: Entity 1: Chain A,Crystal structure of the Eiger TNF domain/Grindelwald extracellular domain complex,Drosophila melanogaster,Protein eiger,0.0001489
Plobata,Hawaii,plut2.m8.14149,,GO:0005164,0.01943687,0.99879786,2,15,tumor necrosis factor receptor binding,,MF,516.405313,-5.0986272,1.11512111,-4.5722631,4.82E-06,0.00154445,CvsMid,XM_020762700.1,adiponectin-like,Orbicella faveolata,114,1.00E-20,NA,NA,NA,NA,NA,6ZT0: Entity 1: Chain A,Crystal structure of the Eiger TNF domain/Grindelwald extracellular domain complex,Drosophila melanogaster,Protein eiger,0.0003125
Plobata,Hawaii,plut2.m8.14149,,GO:0005164,0.01943687,0.99879786,2,15,tumor necrosis factor receptor binding,,MF,516.405313,4.44749568,1.11525458,3.98787484,6.67E-05,0.04989956,MidvsHigh,XM_020762700.1,adiponectin-like,Orbicella faveolata,114,1.00E-20,NA,NA,NA,NA,NA,6ZT0: Entity 1: Chain A,Crystal structure of the Eiger TNF domain/Grindelwald extracellular domain complex,Drosophila melanogaster,Protein eiger,0.0003125
Plobata,Hawaii,plut2.m8.3794,,GO:0005200,0.00027139,0.99999305,3,15,structural constituent of cytoskeleton,,MF,218.662426,-2.298525,0.19210704,-11.964814,5.43E-33,2.78E-29,CvsHigh,XM_020747170.1,tubulin beta chain-like,Orbicella faveolata,854,0,NM_178014.4,tubulin beta class I (TUBB),Homo sapiens,596,4.00E-167,"5ZXH: Entity 2: Chains B, D",The structure of MT189-tubulin complex,Bos taurus,Tubulin beta-2B chain,8.50E-194
Plobata,Hawaii,plut2.m8.3794,,GO:0005200,0.00027139,0.99999305,3,15,structural constituent of cytoskeleton,,MF,218.662426,-2.5311348,0.19252643,-13.146947,1.77E-39,1.36E-35,CvsMid,XM_020747170.1,tubulin beta chain-like,Orbicella faveolata,854,0,NM_178014.4,tubulin beta class I (TUBB),Homo sapiens,596,4.00E-167,"5ZXH: Entity 2: Chains B, D",The structure of MT189-tubulin complex,Bos taurus,Tubulin beta-2B chain,8.50E-194
Plobata,Hawaii,plut2.m8.7555,,GO:0005200,0.00027139,0.99999305,3,15,structural constituent of cytoskeleton,,MF,203.555668,-2.5138416,0.3484538,-7.2142751,5.42E-13,8.48E-10,CvsMid,XM_020749795.1,tubulin beta chain-like,Orbicella faveolata,1327,0,NM_006087.4,tubulin beta 4A class IVa (TUBB4A),Homo sapiens,1123,0,"2XRP: Entity 1: Chains A, C, E, G",Human Doublecortin N-DC Repeat (1MJD) and Mammalian Tubulin (1JFF and 3HKE) Docked into the 8-Angstrom Cryo-EM Map of Doublecortin- Stabilised Microtubules,Bos taurus,TUBULIN BETA-2B CHAIN,8.14E-283
Plobata,Hawaii,plut2.m8.7555,,GO:0005200,0.00027139,0.99999305,3,15,structural constituent of cytoskeleton,,MF,203.555668,-2.1238952,0.34855013,-6.0935141,1.10E-09,9.98E-07,CvsHigh,XM_020749795.1,tubulin beta chain-like,Orbicella faveolata,1327,0,NM_006087.4,tubulin beta 4A class IVa (TUBB4A),Homo sapiens,1123,0,"2XRP: Entity 1: Chains A, C, E, G",Human Doublecortin N-DC Repeat (1MJD) and Mammalian Tubulin (1JFF and 3HKE) Docked into the 8-Angstrom Cryo-EM Map of Doublecortin- Stabilised Microtubules,Bos taurus,TUBULIN BETA-2B CHAIN,8.14E-283
Plobata,Hawaii,plut2.m8.92,,GO:0005200,0.00027139,0.99999305,3,15,structural constituent of cytoskeleton,,MF,731.379534,-0.578753,0.14148542,-4.0905488,4.30E-05,0.01033185,CvsHigh,XM_020775100.1,uncharacterized,Orbicella faveolata,675,0,NA,NA,NA,NA,NA,"3N2K: Entity 1: Chains A, C",TUBULIN-NSC 613862: RB3 Stathmin-like domain complex,Ovis aries,Tubulin alpha chain,9.93E-237
Plobata,Hawaii,plut2.m8.92,,GO:0005200,0.00027139,0.99999305,3,15,structural constituent of cytoskeleton,,MF,731.379534,-0.6533245,0.14202647,-4.6000193,4.22E-06,0.00144244,CvsMid,XM_020775100.1,uncharacterized,Orbicella faveolata,675,0,NA,NA,NA,NA,NA,"3N2K: Entity 1: Chains A, C",TUBULIN-NSC 613862: RB3 Stathmin-like domain complex,Ovis aries,Tubulin alpha chain,9.93E-237
Plobata,Hawaii,plut2.m8.3398,,GO:0005201,0.03449748,0.99693613,2,31,extracellular matrix structural constituent,,MF,24.571917,-2.3006552,0.48460068,-4.7475277,2.06E-06,0.00093057,CvsHigh,XM_020770134.1,uncharacterized,Orbicella faveolata,322,7.00E-83,NA,NA,NA,NA,NA,NA,NA,NA,NA,NA
Plobata,Hawaii,plut2.m8.9356,,GO:0005201,0.03449748,0.99693613,2,31,extracellular matrix structural constituent,,MF,49.4245743,1.53393392,0.32826906,4.67279466,2.97E-06,0.00114135,CvsMid,XM_020763173.1,uncharacterized,Orbicella faveolata,577,2.00E-159,NA,NA,NA,NA,NA,"6IAA: Entity 1: Chains A, B, C",hRobo2 ectodomain,Homo sapiens,Roundabout homolog 2,1.84E-33
Plobata,Hawaii,plut2.m8.5539,,GO:0005471,0.01944596,0.99990516,1,2,ATP:ADP antiporter activity,,MF,74.8659166,-3.0363585,0.73036196,-4.1573339,3.22E-05,0.00706753,CvsMid,XM_020754493.1,"ADP,ATP carrier protein 3, mitochondrial-like",Orbicella faveolata,857,0,NG_009280.2,solute carrier family 25 member 5 pseudogene 7 (SLC25A5P7) on chromosome 6,Homo sapiens,80.6,6.00E-12,4C9G: Entity 1: Chain A,Structure of yeast mitochondrial ADP/ATP carrier isoform 2 inhibited by carboxyatractyloside (C2221 crystal form),Saccharomyces cerevisiae,"ADP, ATP CARRIER PROTEIN 2",9.03E-119
Plobata,Hawaii,plut2.m8.5539,,GO:0005471,0.01944596,0.99990516,1,2,ATP:ADP antiporter activity,,MF,74.8659166,2.93025402,0.73642155,3.97904437,6.92E-05,0.04989956,MidvsHigh,XM_020754493.1,"ADP,ATP carrier protein 3, mitochondrial-like",Orbicella faveolata,857,0,NG_009280.2,solute carrier family 25 member 5 pseudogene 7 (SLC25A5P7) on chromosome 6,Homo sapiens,80.6,6.00E-12,4C9G: Entity 1: Chain A,Structure of yeast mitochondrial ADP/ATP carrier isoform 2 inhibited by carboxyatractyloside (C2221 crystal form),Saccharomyces cerevisiae,"ADP, ATP CARRIER PROTEIN 2",9.03E-119
Plobata,Hawaii,plut2.m8.22430,,GO:0005509,0.02807335,0.98982642,8,403,calcium ion binding,,MF,46.5108392,-1.8978742,0.45245153,-4.1946464,2.73E-05,0.00636245,CvsMid,XM_015902166.1,fibrillin-2-like,Acropora digitifera,569,7.00E-157,NA,NA,NA,NA,NA,6POG: Entity 2: Chain B,Crystal structure of the NELL2 EGF1-6-Robo3 FN1 complex,Homo sapiens,Protein kinase C-binding protein NELL2,7.53E-40
Plobata,Hawaii,plut2.m8.23195,,GO:0005509,0.02807335,0.98982642,8,403,calcium ion binding,,MF,30.8714106,-1.1936368,0.32037508,-3.725748,0.00019474,0.03587891,CvsHigh,XM_029332148.1,fibrillin-1-like,Acropora millepora,922,0,NM_000138.5,fibrillin 1 (FBN1),Homo sapiens,56.3,3.00E-04,6POG: Entity 2: Chain B,Crystal structure of the NELL2 EGF1-6-Robo3 FN1 complex,Homo sapiens,Protein kinase C-binding protein NELL2,3.53E-20
Plobata,Hawaii,plut2.m8.23282,,GO:0005509,0.02807335,0.98982642,8,403,calcium ion binding,,MF,54.4385856,2.4173388,0.5385193,4.48886195,7.16E-06,0.01859001,MidvsHigh,XM_027181073.1,uncharacterized,Pocillopora damicornis,436,3.00E-117,NA,NA,NA,NA,NA,NA,NA,NA,NA,NA
Plobata,Hawaii,plut2.m8.23282,,GO:0005509,0.02807335,0.98982642,8,403,calcium ion binding,,MF,54.4385856,2.27575356,0.53422585,4.25990914,2.05E-05,0.00561124,CvsHigh,XM_027181073.1,uncharacterized,Pocillopora damicornis,436,3.00E-117,NA,NA,NA,NA,NA,NA,NA,NA,NA,NA
Plobata,Hawaii,plut2.m8.25307,,GO:0005509,0.02807335,0.98982642,8,403,calcium ion binding,,MF,145.899151,-1.1200244,0.27749403,-4.0362109,5.43E-05,0.04700974,MidvsHigh,XM_022953888.1,uncharacterized,Stylophora pistillata,468,1.00E-132,NA,NA,NA,NA,NA,"6JJJ: Entity 1: Chains A, B, C, D, E, F",Trimeric structure of Kupffer cell C-type lectin receptor Clec4f,Mus musculus,C-type lectin domain family 4 member F,1.05E-23
Plobata,Hawaii,plut2.m8.26944,,GO:0005509,0.02807335,0.98982642,8,403,calcium ion binding,,MF,97.0828983,0.91625682,0.21809028,4.201273,2.65E-05,0.02871162,MidvsHigh,XM_027196903.1,cysteine-rich with EGF-like domain protein 2,Pocillopora damicornis,857,0,NG_008750.1,fibrillin 2 (FBN2),Homo sapiens,52.7,0.005,6POG: Entity 2: Chain B,Crystal structure of the NELL2 EGF1-6-Robo3 FN1 complex,Homo sapiens,Protein kinase C-binding protein NELL2,3.55E-11
Plobata,Hawaii,plut2.m8.33084,,GO:0005509,0.02807335,0.98982642,8,403,calcium ion binding,,MF,30.8083682,-1.9478243,0.39168247,-4.9729677,6.59E-07,0.00041493,CvsHigh,XM_015895489.1,uncharacterized,Acropora digitifera,1845,0,NA,NA,NA,NA,NA,6PWS: Entity 1: Chain A,Crystal structure of the cow C-type carbohydrate-recognition domain of CD23 in the presence of alpha-methyl mannoside,Bos taurus,Fc fragment of IgE receptor II,2.34E-17
Plobata,Hawaii,plut2.m8.33216,,GO:0005509,0.02807335,0.98982642,8,403,calcium ion binding,,MF,102.510297,1.02891762,0.22894996,4.49407212,6.99E-06,0.00214723,CvsMid,XM_022949464.1,fibrillin-3-like,Stylophora pistillata,432,9.00E-116,NM_001167890.2,EGF like domain multiple 6 (EGFL6),Homo sapiens,50,0.023,6POG: Entity 2: Chain B,Crystal structure of the NELL2 EGF1-6-Robo3 FN1 complex,Homo sapiens,Protein kinase C-binding protein NELL2,3.66E-42
Plobata,Hawaii,plut2.m8.9304,,GO:0005509,0.02807335,0.98982642,8,403,calcium ion binding,,MF,67.0216421,-3.0229406,0.74126781,-4.0780681,4.54E-05,0.00969094,CvsMid,XM_020764532.1,uncharacterized,Orbicella faveolata,1179,0,NA,NA,NA,NA,NA,NA,NA,NA,NA,NA
Plobata,Hawaii,jamg1.TU.Sc0000117.30,,GO:0005515,0.00291768,0.99843387,38,2812,protein binding,,MF,163.952962,-1.1467635,0.2297581,-4.9911774,6.00E-07,0.0002712,CvsMid,XM_020750675.1,uncharacterized,Orbicella faveolata,222,2.00E-52,NA,NA,NA,NA,NA,2BUG: Entity 1: Chain A,Solution structure of the TPR domain from Protein phosphatase 5 in complex with Hsp90 derived peptide,Homo sapiens,SERINE/THREONINE PROTEIN PHOSPHATASE 5,1.37E-08
Plobata,Hawaii,jamg1.TU.xfSc0000469.4,,GO:0005515,0.00291768,0.99843387,38,2812,protein binding,,MF,22.0263645,-1.8634744,0.50563564,-3.6854095,0.00022834,0.03473634,CvsMid,KU847409.1,"green fluorescent protein mRNA, partial sequence",Porites lobata,148,3.00E-30,NA,NA,NA,NA,NA,"5OBL: Entity 1: Chains A, B",X-ray structure of the phosphatase PAPP5 from Arabidopsis thaliana,Arabidopsis thaliana,Serine/threonine-protein phosphatase 5,3.57E-07
Plobata,Hawaii,plut2.m8.10362,,GO:0005515,0.00291768,0.99843387,38,2812,protein binding,,MF,81.1376965,1.67335753,0.35034522,4.77631048,1.79E-06,0.00074143,CvsMid,XM_020744740.1,tetratricopeptide repeat protein 28-like,Orbicella faveolata,154,2.00E-32,AC277971.1,"chromosome 11 clone CH17-258B14, complete sequence",Homo sapiens,50.9,0.012,"5A7D: Entity 1: Chains B, C, D, E, F, G, H, I",Tetrameric assembly of LGN with Inscuteable,Drosophila melanogaster,PINS,3.10E-70
Plobata,Hawaii,plut2.m8.10362,,GO:0005515,0.00291768,0.99843387,38,2812,protein binding,,MF,81.1376965,2.24563469,0.354357,6.33721,2.34E-10,2.40E-07,CvsHigh,XM_020744740.1,tetratricopeptide repeat protein 28-like,Orbicella faveolata,154,2.00E-32,AC277971.1,"chromosome 11 clone CH17-258B14, complete sequence",Homo sapiens,50.9,0.012,"5A7D: Entity 1: Chains B, C, D, E, F, G, H, I",Tetrameric assembly of LGN with Inscuteable,Drosophila melanogaster,PINS,3.10E-70
Plobata,Hawaii,plut2.m8.10671,,GO:0005515,0.00291768,0.99843387,38,2812,protein binding,,MF,16.8661946,-2.0294226,0.371841,-5.4577699,4.82E-08,3.37E-05,CvsHigh,XM_022926103.1,uncharacterized,Stylophora pistillata,136,3.00E-27,NA,NA,NA,NA,NA,"3LFL: Entity 1: Chains A, B, C","Crystal Structure of human Glutathione Transferase Omega 1, delta 155",Homo sapiens,Glutathione S-transferase omega-1,2.82E-27
Plobata,Hawaii,plut2.m8.10671,,GO:0005515,0.00291768,0.99843387,38,2812,protein binding,,MF,16.8661946,-1.923427,0.38212223,-5.0335385,4.82E-07,0.00022419,CvsMid,XM_022926103.1,uncharacterized,Stylophora pistillata,136,3.00E-27,NA,NA,NA,NA,NA,"3LFL: Entity 1: Chains A, B, C","Crystal Structure of human Glutathione Transferase Omega 1, delta 155",Homo sapiens,Glutathione S-transferase omega-1,2.82E-27
Plobata,Hawaii,plut2.m8.11192,,GO:0005515,0.00291768,0.99843387,38,2812,protein binding,,MF,183.571028,-1.6396888,0.20741284,-7.9054354,2.67E-15,5.13E-12,CvsHigh,NA,NA,NA,NA,NA,NA,NA,NA,NA,NA,6ZT0: Entity 1: Chain A,Crystal structure of the Eiger TNF domain/Grindelwald extracellular domain complex,Drosophila melanogaster,Protein eiger,0.0001489
Plobata,Hawaii,plut2.m8.11192,,GO:0005515,0.00291768,0.99843387,38,2812,protein binding,,MF,183.571028,-1.6279627,0.20904729,-7.7875329,6.83E-15,1.50E-11,CvsMid,NA,NA,NA,NA,NA,NA,NA,NA,NA,NA,6ZT0: Entity 1: Chain A,Crystal structure of the Eiger TNF domain/Grindelwald extracellular domain complex,Drosophila melanogaster,Protein eiger,0.0001489
Plobata,Hawaii,plut2.m8.12089,,GO:0005515,0.00291768,0.99843387,38,2812,protein binding,,MF,164.472877,0.90441471,0.24286596,3.72392539,0.00019615,0.03587891,CvsHigh,XM_020744740.1,tetratricopeptide repeat protein 28-like,Orbicella faveolata,180,1.00E-39,NA,NA,NA,NA,NA,"6HC2: Entity 1: Chains A, C, E, G, I, K, M, O, Q, S, U, W",Crystal structure of NuMA/LGN hetero-hexamers,Homo sapiens,G-protein-signaling modulator 2,5.99E-78
Plobata,Hawaii,plut2.m8.12181,,GO:0005515,0.00291768,0.99843387,38,2812,protein binding,,MF,12.8314934,-1.9781478,0.41281598,-4.7918391,1.65E-06,0.00072549,CvsMid,XM_020774641.1,tetratricopeptide repeat protein 28-like,Orbicella faveolata,575,9.00E-159,NA,NA,NA,NA,NA,3NF1: Entity 1: Chain A,Crystal structure of the TPR domain of kinesin light chain 1,Homo sapiens,Kinesin light chain 1,1.04E-32
Plobata,Hawaii,plut2.m8.12181,,GO:0005515,0.00291768,0.99843387,38,2812,protein binding,,MF,12.8314934,-1.6582544,0.41438261,-4.001747,6.29E-05,0.01379357,CvsHigh,XM_020774641.1,tetratricopeptide repeat protein 28-like,Orbicella faveolata,575,9.00E-159,NA,NA,NA,NA,NA,3NF1: Entity 1: Chain A,Crystal structure of the TPR domain of kinesin light chain 1,Homo sapiens,Kinesin light chain 1,1.04E-32
Plobata,Hawaii,plut2.m8.12888,,GO:0005515,0.00291768,0.99843387,38,2812,protein binding,,MF,20.0083631,-1.4759728,0.37362627,-3.950399,7.80E-05,0.01642182,CvsHigh,XM_020771749.1,tetratricopeptide repeat protein 28-like,Orbicella faveolata,241,4.00E-58,NM_001321038.2,G protein signaling modulator 2 (GPSM2),Homo sapiens,52.7,0.008,"5A7D: Entity 1: Chains B, C, D, E, F, G, H, I",Tetrameric assembly of LGN with Inscuteable,Drosophila melanogaster,PINS,4.61E-61
Plobata,Hawaii,plut2.m8.12888,,GO:0005515,0.00291768,0.99843387,38,2812,protein binding,,MF,20.0083631,-1.504337,0.37997994,-3.9589904,7.53E-05,0.01482668,CvsMid,XM_020771749.1,tetratricopeptide repeat protein 28-like,Orbicella faveolata,241,4.00E-58,NM_001321038.2,G protein signaling modulator 2 (GPSM2),Homo sapiens,52.7,0.008,"5A7D: Entity 1: Chains B, C, D, E, F, G, H, I",Tetrameric assembly of LGN with Inscuteable,Drosophila melanogaster,PINS,4.61E-61
Plobata,Hawaii,plut2.m8.14149,,GO:0005515,0.00291768,0.99843387,38,2812,protein binding,,MF,516.405313,-5.0986272,1.11512111,-4.5722631,4.82E-06,0.00154445,CvsMid,XM_020762700.1,adiponectin-like,Orbicella faveolata,114,1.00E-20,NA,NA,NA,NA,NA,6ZT0: Entity 1: Chain A,Crystal structure of the Eiger TNF domain/Grindelwald extracellular domain complex,Drosophila melanogaster,Protein eiger,0.0003125
Plobata,Hawaii,plut2.m8.14149,,GO:0005515,0.00291768,0.99843387,38,2812,protein binding,,MF,516.405313,4.44749568,1.11525458,3.98787484,6.67E-05,0.04989956,MidvsHigh,XM_020762700.1,adiponectin-like,Orbicella faveolata,114,1.00E-20,NA,NA,NA,NA,NA,6ZT0: Entity 1: Chain A,Crystal structure of the Eiger TNF domain/Grindelwald extracellular domain complex,Drosophila melanogaster,Protein eiger,0.0003125
Plobata,Hawaii,plut2.m8.15977,,GO:0005515,0.00291768,0.99843387,38,2812,protein binding,,MF,22.1671064,-1.4868524,0.36399721,-4.0847905,4.41E-05,0.0095472,CvsMid,XM_020746850.1,uncharacterized,Orbicella faveolata,271,2.00E-67,NA,NA,NA,NA,NA,2FO7: Entity 1: Chain A,Crystal structure of an 8 repeat consensus TPR superhelix (trigonal crystal form),NA,SYNTHETIC CONSENSUS TPR PROTEIN,1.03E-07
Plobata,Hawaii,plut2.m8.15977,,GO:0005515,0.00291768,0.99843387,38,2812,protein binding,,MF,22.1671064,-1.3342002,0.36076954,-3.6982064,0.00021713,0.03924913,CvsHigh,XM_020746850.1,uncharacterized,Orbicella faveolata,271,2.00E-67,NA,NA,NA,NA,NA,2FO7: Entity 1: Chain A,Crystal structure of an 8 repeat consensus TPR superhelix (trigonal crystal form),NA,SYNTHETIC CONSENSUS TPR PROTEIN,1.03E-07
Plobata,Hawaii,plut2.m8.16587,,GO:0005515,0.00291768,0.99843387,38,2812,protein binding,,MF,29.1260184,-1.3384804,0.30402539,-4.4025282,1.07E-05,0.00288422,CvsMid,XM_022952423.1,tetratricopeptide repeat protein 28-like,Stylophora pistillata,180,6.00E-40,NA,NA,NA,NA,NA,"6HC2: Entity 1: Chains A, C, E, G, I, K, M, O, Q, S, U, W",Crystal structure of NuMA/LGN hetero-hexamers,Homo sapiens,G-protein-signaling modulator 2,4.99E-63
Plobata,Hawaii,plut2.m8.18568,,GO:0005515,0.00291768,0.99843387,38,2812,protein binding,,MF,41.1090803,-1.5074633,0.35280686,-4.272772,1.93E-05,0.00478441,CvsMid,XM_022953308.1,tetratricopeptide repeat protein 28-like,Stylophora pistillata,187,4.00E-42,NA,NA,NA,NA,NA,4WNE: Entity 1: Chain A,Crystal structure of the TPR domain of LGN in complex with Frmpd4/Preso1 at 2.0 Angstrom resolution,Homo sapiens,G-protein-signaling modulator 2,2.12E-67
Plobata,Hawaii,plut2.m8.21315,,GO:0005515,0.00291768,0.99843387,38,2812,protein binding,,MF,200.598716,0.86326496,0.23687422,3.64440233,0.00026801,0.04525311,CvsHigh,XM_020744740.1,tetratricopeptide repeat protein 28-like,Orbicella faveolata,180,9.00E-40,AL356234.18,"DNA sequence from clone RP11-95M15 on chromosome 6, complete sequence",Homo sapiens,50.9,0.031,4WNF: Entity 1: Chain A,Crystal structure of the oxidized TPR domain of LGN in complex with Frmpd4/Preso1 at 2.9 Angstrom resolution,Homo sapiens,G-protein-signaling modulator 2,4.66E-73
Plobata,Hawaii,plut2.m8.21416,,GO:0005515,0.00291768,0.99843387,38,2812,protein binding,,MF,22.8506355,-1.9862306,0.37418139,-5.3082024,1.11E-07,6.30E-05,CvsMid,XM_029347207.1,BTB and MATH domain-containing protein 36-like,Acropora millepora,196,4.00E-45,NA,NA,NA,NA,NA,6I2M: Entity 1: Chain A,Crystal structure of vaccinia virus protein A55 BTB-Back domain in complex with human Cullin-3 N-terminus,Vaccinia virus WR,Kelch repeat and BTB domain-containing protein A55,4.28E-07
Plobata,Hawaii,plut2.m8.21416,,GO:0005515,0.00291768,0.99843387,38,2812,protein binding,,MF,22.8506355,-1.7106528,0.37364877,-4.5782373,4.69E-06,0.00175727,CvsHigh,XM_029347207.1,BTB and MATH domain-containing protein 36-like,Acropora millepora,196,4.00E-45,NA,NA,NA,NA,NA,6I2M: Entity 1: Chain A,Crystal structure of vaccinia virus protein A55 BTB-Back domain in complex with human Cullin-3 N-terminus,Vaccinia virus WR,Kelch repeat and BTB domain-containing protein A55,4.28E-07
Plobata,Hawaii,plut2.m8.21463,,GO:0005515,0.00291768,0.99843387,38,2812,protein binding,,MF,13.6012644,-1.6081511,0.38758702,-4.1491355,3.34E-05,0.00840625,CvsHigh,XM_020768347.1,uncharacterized,Orbicella faveolata,532,4.00E-145,NA,NA,NA,NA,NA,NA,NA,NA,NA,NA
Plobata,Hawaii,plut2.m8.21703,,GO:0005515,0.00291768,0.99843387,38,2812,protein binding,,MF,36.0511996,2.38346161,0.54858507,4.34474386,1.39E-05,0.0226256,MidvsHigh,XM_020772275.1,uncharacterized,Orbicella faveolata,861,0,CP068261.1,isolate CHM13 chromosome 17,Homo sapiens,59.9,4.00E-05,2FO7: Entity 1: Chain A,Crystal structure of an 8 repeat consensus TPR superhelix (trigonal crystal form),NA,SYNTHETIC CONSENSUS TPR PROTEIN,0.00001697
Plobata,Hawaii,plut2.m8.21703,,GO:0005515,0.00291768,0.99843387,38,2812,protein binding,,MF,36.0511996,-1.971244,0.52714131,-3.7394983,0.00018439,0.02982232,CvsMid,XM_020772275.1,uncharacterized,Orbicella faveolata,861,0,CP068261.1,isolate CHM13 chromosome 17,Homo sapiens,59.9,4.00E-05,2FO7: Entity 1: Chain A,Crystal structure of an 8 repeat consensus TPR superhelix (trigonal crystal form),NA,SYNTHETIC CONSENSUS TPR PROTEIN,0.00001697
Plobata,Hawaii,plut2.m8.21905,,GO:0005515,0.00291768,0.99843387,38,2812,protein binding,,MF,36.5947695,1.36251191,0.28944882,4.70726372,2.51E-06,0.00098913,CvsMid,XM_020773255.1,tumor necrosis factor receptor superfamily member 1A-like,Orbicella faveolata,242,3.00E-59,NA,NA,NA,NA,NA,"1ZA3: Entity 3: Chains R, S",The crystal structure of the YSd1 Fab bound to DR5,Homo sapiens,Tumor necrosis factor receptor superfamily member 10B,0.000003976
Plobata,Hawaii,plut2.m8.22609,,GO:0005515,0.00291768,0.99843387,38,2812,protein binding,,MF,221.892315,1.04076018,0.24067059,4.32441777,1.53E-05,0.00479561,CvsHigh,XM_020769173.1,tetratricopeptide repeat protein 28-like,Orbicella faveolata,721,0,NA,NA,NA,NA,NA,"6HC2: Entity 1: Chains A, C, E, G, I, K, M, O, Q, S, U, W",Crystal structure of NuMA/LGN hetero-hexamers,Homo sapiens,G-protein-signaling modulator 2,3.22E-44
Plobata,Hawaii,plut2.m8.23335,,GO:0005515,0.00291768,0.99843387,38,2812,protein binding,,MF,105.485818,0.84390037,0.21955214,3.84373565,0.00012118,0.02418003,CvsHigh,XM_020750088.1,kinesin light chain-like,Orbicella faveolata,419,5.00E-112,NA,NA,NA,NA,NA,5OJ8: Entity 1: Chain A,Crystal structure of the KLC1-TPR domain ([A1-B5] fragment),Homo sapiens,Kinesin light chain 1,2.51E-35
Plobata,Hawaii,plut2.m8.24126,,GO:0005515,0.00291768,0.99843387,38,2812,protein binding,,MF,62.3393267,-1.1232015,0.24587607,-4.5681611,4.92E-06,0.00179998,CvsHigh,XM_029353345.1,nucleotide-binding oligomerization domain-containing protein 2-like,Acropora millepora,253,4.00E-62,NA,NA,NA,NA,NA,5IRL: Entity 1: Chain A,Crystal structure of rabbit NOD2 SER mutant in an ADP-bound state,Oryctolagus cuniculus,Uncharacterized protein,2.41E-12
Plobata,Hawaii,plut2.m8.25894,,GO:0005515,0.00291768,0.99843387,38,2812,protein binding,,MF,92.2260287,-1.5214477,0.23020355,-6.6091411,3.87E-11,4.24E-08,CvsMid,XM_022934510.1,E3 ubiquitin-protein ligase DZIP3-like,Stylophora pistillata,347,5.00E-90,NA,NA,NA,NA,NA,4R5D: Entity 1: Chain A,Crystal structure of computational designed leucine rich repeats DLRR_G3 in space group F222,synthetic construct,Leucine rich repeat protein,4.66E-32
Plobata,Hawaii,plut2.m8.25894,,GO:0005515,0.00291768,0.99843387,38,2812,protein binding,,MF,92.2260287,-1.6262652,0.22656286,-7.1779866,7.07E-13,1.21E-09,CvsHigh,XM_022934510.1,E3 ubiquitin-protein ligase DZIP3-like,Stylophora pistillata,347,5.00E-90,NA,NA,NA,NA,NA,4R5D: Entity 1: Chain A,Crystal structure of computational designed leucine rich repeats DLRR_G3 in space group F222,synthetic construct,Leucine rich repeat protein,4.66E-32
Plobata,Hawaii,plut2.m8.25928,,GO:0005515,0.00291768,0.99843387,38,2812,protein binding,,MF,102.382754,1.38475342,0.32474102,4.26417777,2.01E-05,0.00560514,CvsHigh,XM_020744740.1,tetratricopeptide repeat protein 28-like,Orbicella faveolata,180,9.00E-40,NA,NA,NA,NA,NA,4WNE: Entity 1: Chain A,Crystal structure of the TPR domain of LGN in complex with Frmpd4/Preso1 at 2.0 Angstrom resolution,Homo sapiens,G-protein-signaling modulator 2,6.98E-82
Plobata,Hawaii,plut2.m8.25928,,GO:0005515,0.00291768,0.99843387,38,2812,protein binding,,MF,102.382754,1.24586416,0.32673996,3.81301431,0.00013728,0.02370045,CvsMid,XM_020744740.1,tetratricopeptide repeat protein 28-like,Orbicella faveolata,180,9.00E-40,NA,NA,NA,NA,NA,4WNE: Entity 1: Chain A,Crystal structure of the TPR domain of LGN in complex with Frmpd4/Preso1 at 2.0 Angstrom resolution,Homo sapiens,G-protein-signaling modulator 2,6.98E-82
Plobata,Hawaii,plut2.m8.26038,,GO:0005515,0.00291768,0.99843387,38,2812,protein binding,,MF,31.4148137,-1.2422081,0.29800329,-4.1684376,3.07E-05,0.00683256,CvsMid,XM_020754005.1,tetratricopeptide repeat protein 28-like,Orbicella faveolata,573,3.00E-158,NA,NA,NA,NA,NA,"5A7D: Entity 1: Chains B, C, D, E, F, G, H, I",Tetrameric assembly of LGN with Inscuteable,Drosophila melanogaster,PINS,2.41E-69
Plobata,Hawaii,plut2.m8.28828,,GO:0005515,0.00291768,0.99843387,38,2812,protein binding,,MF,33.4123039,-1.127811,0.27772767,-4.060852,4.89E-05,0.01138266,CvsHigh,XM_020754005.1,tetratricopeptide repeat protein 28-like,Orbicella faveolata,309,7.00E-79,NG_030414.1,"SPARC (osteonectin), cwcv and kazal like domains proteoglycan 3 (SPOCK3)",Homo sapiens,50,0.021,4WNF: Entity 1: Chain A,Crystal structure of the oxidized TPR domain of LGN in complex with Frmpd4/Preso1 at 2.9 Angstrom resolution,Homo sapiens,G-protein-signaling modulator 2,1.16E-55
Plobata,Hawaii,plut2.m8.28828,,GO:0005515,0.00291768,0.99843387,38,2812,protein binding,,MF,33.4123039,-1.196145,0.28213907,-4.2395584,2.24E-05,0.00546213,CvsMid,XM_020754005.1,tetratricopeptide repeat protein 28-like,Orbicella faveolata,309,7.00E-79,NG_030414.1,"SPARC (osteonectin), cwcv and kazal like domains proteoglycan 3 (SPOCK3)",Homo sapiens,50,0.021,4WNF: Entity 1: Chain A,Crystal structure of the oxidized TPR domain of LGN in complex with Frmpd4/Preso1 at 2.9 Angstrom resolution,Homo sapiens,G-protein-signaling modulator 2,1.16E-55
Plobata,Hawaii,plut2.m8.29528,,GO:0005515,0.00291768,0.99843387,38,2812,protein binding,,MF,18.1010512,-2.0215447,0.48605724,-4.1590672,3.20E-05,0.00818314,CvsHigh,XM_020758155.1,tetratricopeptide repeat protein 28-like,Orbicella faveolata,235,2.00E-56,NA,NA,NA,NA,NA,NA,NA,NA,NA,NA
Plobata,Hawaii,plut2.m8.29528,,GO:0005515,0.00291768,0.99843387,38,2812,protein binding,,MF,18.1010512,-2.4435112,0.48398725,-5.0487099,4.45E-07,0.00021358,CvsMid,XM_020758155.1,tetratricopeptide repeat protein 28-like,Orbicella faveolata,235,2.00E-56,NA,NA,NA,NA,NA,NA,NA,NA,NA,NA
Plobata,Hawaii,plut2.m8.30338,,GO:0005515,0.00291768,0.99843387,38,2812,protein binding,,MF,12.4936794,-2.0882043,0.441065,-4.7344594,2.20E-06,0.00096422,CvsHigh,XM_020773844.1,nephrocystin-3-like,Orbicella faveolata,398,1.00E-105,NA,NA,NA,NA,NA,"5A7D: Entity 1: Chains B, C, D, E, F, G, H, I",Tetrameric assembly of LGN with Inscuteable,Drosophila melanogaster,PINS,4.63E-15
Plobata,Hawaii,plut2.m8.30338,,GO:0005515,0.00291768,0.99843387,38,2812,protein binding,,MF,12.4936794,-1.7715423,0.45916466,-3.8581853,0.00011423,0.02040901,CvsMid,XM_020773844.1,nephrocystin-3-like,Orbicella faveolata,398,1.00E-105,NA,NA,NA,NA,NA,"5A7D: Entity 1: Chains B, C, D, E, F, G, H, I",Tetrameric assembly of LGN with Inscuteable,Drosophila melanogaster,PINS,4.63E-15
Plobata,Hawaii,plut2.m8.30977,,GO:0005515,0.00291768,0.99843387,38,2812,protein binding,,MF,22.6255256,-1.9569683,0.36065683,-5.4261229,5.76E-08,3.54E-05,CvsMid,XM_029349659.1,uncharacterized,Acropora millepora,255,1.00E-62,,,Homo sapiens,,,5IRN: Entity 1: Chain A,Crystal structure of rabbit NOD2 in an ADP-bound state (Crystal form1),Oryctolagus cuniculus,Uncharacterized protein,2.79E-16
Plobata,Hawaii,plut2.m8.33084,,GO:0005515,0.00291768,0.99843387,38,2812,protein binding,,MF,30.8083682,-1.9478243,0.39168247,-4.9729677,6.59E-07,0.00041493,CvsHigh,XM_015895489.1,uncharacterized,Acropora digitifera,1845,0,NA,NA,NA,NA,NA,6PWS: Entity 1: Chain A,Crystal structure of the cow C-type carbohydrate-recognition domain of CD23 in the presence of alpha-methyl mannoside,Bos taurus,Fc fragment of IgE receptor II,2.34E-17
Plobata,Hawaii,plut2.m8.33367,,GO:0005515,0.00291768,0.99843387,38,2812,protein binding,,MF,22.1476384,-2.5952447,0.39030188,-6.6493266,2.94E-11,3.48E-08,CvsMid,XM_020749598.1,protein NLRC5-like,Orbicella faveolata,214,3.00E-50,NA,NA,NA,NA,NA,4R5D: Entity 1: Chain A,Crystal structure of computational designed leucine rich repeats DLRR_G3 in space group F222,synthetic construct,Leucine rich repeat protein,6.56E-28
Plobata,Hawaii,plut2.m8.33367,,GO:0005515,0.00291768,0.99843387,38,2812,protein binding,,MF,22.1476384,-1.8140691,0.39967371,-4.5388753,5.66E-06,0.00202086,CvsHigh,XM_020749598.1,protein NLRC5-like,Orbicella faveolata,214,3.00E-50,NA,NA,NA,NA,NA,4R5D: Entity 1: Chain A,Crystal structure of computational designed leucine rich repeats DLRR_G3 in space group F222,synthetic construct,Leucine rich repeat protein,6.56E-28
Plobata,Hawaii,plut2.m8.33377,,GO:0005515,0.00291768,0.99843387,38,2812,protein binding,,MF,21.4678,-1.6802354,0.45581387,-3.6862315,0.0002276,0.04033331,CvsHigh,XM_020758155.1,tetratricopeptide repeat protein 28-like,Orbicella faveolata,196,9.00E-45,NM_001321038.2,G protein signaling modulator 2 (GPSM2),Homo sapiens,58.1,2.00E-04,4WNF: Entity 1: Chain A,Crystal structure of the oxidized TPR domain of LGN in complex with Frmpd4/Preso1 at 2.9 Angstrom resolution,Homo sapiens,G-protein-signaling modulator 2,1.52E-60
Plobata,Hawaii,plut2.m8.33379,,GO:0005515,0.00291768,0.99843387,38,2812,protein binding,,MF,12.2600437,-2.1858557,0.49113181,-4.4506499,8.56E-06,0.00244752,CvsMid,XM_020754005.1,tetratricopeptide repeat protein 28-like,Orbicella faveolata,427,2.00E-114,NM_001321038.2,G protein signaling modulator 2 (GPSM2),Homo sapiens,50.9,0.011,"5A7D: Entity 1: Chains B, C, D, E, F, G, H, I",Tetrameric assembly of LGN with Inscuteable,Drosophila melanogaster,PINS,1.91E-49
Plobata,Hawaii,plut2.m8.33396,,GO:0005515,0.00291768,0.99843387,38,2812,protein binding,,MF,28.5456619,-1.9747779,0.45823352,-4.3095448,1.64E-05,0.00502715,CvsHigh,XM_020757389.1,tetratricopeptide repeat protein 28-like,Orbicella faveolata,183,3.00E-41,NA,NA,NA,NA,NA,4WNE: Entity 1: Chain A,Crystal structure of the TPR domain of LGN in complex with Frmpd4/Preso1 at 2.0 Angstrom resolution,Homo sapiens,G-protein-signaling modulator 2,3.58E-07
Plobata,Hawaii,plut2.m8.33396,,GO:0005515,0.00291768,0.99843387,38,2812,protein binding,,MF,28.5456619,-2.1137761,0.46076927,-4.5874937,4.49E-06,0.00149842,CvsMid,XM_020757389.1,tetratricopeptide repeat protein 28-like,Orbicella faveolata,183,3.00E-41,NA,NA,NA,NA,NA,4WNE: Entity 1: Chain A,Crystal structure of the TPR domain of LGN in complex with Frmpd4/Preso1 at 2.0 Angstrom resolution,Homo sapiens,G-protein-signaling modulator 2,3.58E-07
Plobata,Hawaii,plut2.m8.4150,,GO:0005515,0.00291768,0.99843387,38,2812,protein binding,,MF,17.3525766,-1.4283475,0.37383233,-3.8208239,0.00013301,0.0262006,CvsHigh,XM_027190292.1,uncharacterized,Pocillopora damicornis,99,2.00E-15,NA,NA,NA,NA,NA,"7CRC: Entity 1: Chains A, B, C, D",Cryo-EM structure of plant NLR RPP1 tetramer in complex with ATR1,Arabidopsis thaliana,NAD+ hydrolase (NADase),0.0000021
Plobata,Hawaii,plut2.m8.5234,,GO:0005515,0.00291768,0.99843387,38,2812,protein binding,,MF,11.8701163,-2.2377682,0.50606498,-4.421899,9.78E-06,0.00268441,CvsMid,XM_015901185.1,DCN1-like protein 1,Acropora digitifera,204,7.00E-47,NA,NA,NA,NA,NA,"4KXF: Entity 1: Chains B, D, F, H, K, L, N, P",Crystal structure of NLRC4 reveals its autoinhibition mechanism,Mus musculus,NLR family CARD domain-containing protein 4,1.06E-16
Plobata,Hawaii,plut2.m8.7302,,GO:0005515,0.00291768,0.99843387,38,2812,protein binding,,MF,128.912059,1.14568685,0.28874798,3.96777443,7.25E-05,0.01548172,CvsHigh,XM_009670578.1,australis deleted in malignant brain tumors 1 protein-like,Struthio camelus,69.4,5.00E-06,NA,NA,NA,NA,NA,"1A0J: Entity 1: Chains A, B, C, D",CRYSTAL STRUCTURE OF A NON-PSYCHROPHILIC TRYPSIN FROM A COLD-ADAPTED FISH SPECIES.,Salmo salar,TRYPSIN,7.40E-41
Plobata,Hawaii,plut2.m8.7539,,GO:0005515,0.00291768,0.99843387,38,2812,protein binding,,MF,14.8145627,-2.1429323,0.54275471,-3.9482519,7.87E-05,0.01525496,CvsMid,XM_027180210.1,ribonuclease inhibitor-like,Pocillopora damicornis,260,9.00E-65,AC062020.5,"BAC clone RP11-154O23 from 2, complete sequence",Homo sapiens,48.2,0.023,2BNH: Entity 1: Chain A,PORCINE RIBONUCLEASE INHIBITOR,Sus scrofa,RIBONUCLEASE INHIBITOR,5.73E-23
Plobata,Hawaii,plut2.m8.9273,,GO:0005515,0.00291768,0.99843387,38,2812,protein binding,,MF,17.9391673,-1.6281737,0.37492774,-4.3426332,1.41E-05,0.00360527,CvsMid,XM_020774627.1,tetratricopeptide repeat protein 28-like,Orbicella faveolata,507,6.00E-138,NA,NA,NA,NA,NA,6FV0: Entity 1: Chain A,Crystal structure of the TPR domain of KLC1 in complex with the C-terminal peptide of torsinA,Mus musculus,"Kinesin light chain 1,Torsin-1A",2.70E-34
Plobata,Hawaii,plut2.m8.9453,,GO:0005515,0.00291768,0.99843387,38,2812,protein binding,,MF,54.7589764,-1.4600565,0.38823734,-3.7607318,0.00016942,0.03174503,CvsHigh,XM_013547570.2,uncharacterized,Lingula anatina,87.9,4.00E-12,NM_001347828.2,platelet derived growth factor receptor alpha (PDGFRA),Homo sapiens,54.5,0.002,5FM3: Entity 1: Chain A,Crystal structure of hyper-phosphorylated RET kinase domain with (proximal) juxtamembrane segment,Homo sapiens,PROTO-ONCOGENE TYROSINE-PROTEIN KINASE RECEPTOR RET,1.17E-65
Plobata,Hawaii,plut2.m8.24633,,GO:0005576,0.04734287,0.99121494,3,89,extracellular region,,CC,1485.67812,-4.6377491,0.28003653,-16.561229,1.33E-61,2.04E-57,CvsHigh,XM_027190886.1,hevamine-A-like,Pocillopora damicornis,280,2.00E-70,NA,NA,NA,NA,NA,4TXE: Entity 1: Chain A,ScCTS1 in complex with compound 5,Saccharomyces cerevisiae,Endochitinase,2.05E-54
Plobata,Hawaii,plut2.m8.24633,,GO:0005576,0.04734287,0.99121494,3,89,extracellular region,,CC,1485.67812,-5.0532576,0.28001334,-18.046489,8.41E-73,1.29E-68,CvsMid,XM_027190886.1,hevamine-A-like,Pocillopora damicornis,280,2.00E-70,NA,NA,NA,NA,NA,4TXE: Entity 1: Chain A,ScCTS1 in complex with compound 5,Saccharomyces cerevisiae,Endochitinase,2.05E-54
Plobata,Hawaii,plut2.m8.7220,,GO:0005576,0.04734287,0.99121494,3,89,extracellular region,,CC,25.7778299,-3.6953372,0.40441763,-9.1374286,6.40E-20,1.64E-16,CvsHigh,XM_020750209.1,probable chitinase 3,Orbicella faveolata,74.3,1.00E-08,NA,NA,NA,NA,NA,"6G9E: Entity 1: Chains A, B, C, D, E, F",Crystal structure of immunomodulatory active chitinase from Trichuris suis - TsES1 - 6 molecules in ASU,Trichuris suis,Immunomodulatory active chitinase,7.53E-13
Plobata,Hawaii,plut2.m8.7220,,GO:0005576,0.04734287,0.99121494,3,89,extracellular region,,CC,25.7778299,-3.2910173,0.41513142,-7.9276517,2.23E-15,5.72E-12,CvsMid,XM_020750209.1,probable chitinase 3,Orbicella faveolata,74.3,1.00E-08,NA,NA,NA,NA,NA,"6G9E: Entity 1: Chains A, B, C, D, E, F",Crystal structure of immunomodulatory active chitinase from Trichuris suis - TsES1 - 6 molecules in ASU,Trichuris suis,Immunomodulatory active chitinase,7.53E-13
Plobata,Hawaii,plut2.m8.8790,,GO:0005576,0.04734287,0.99121494,3,89,extracellular region,,CC,166.754542,-1.0298086,0.27237906,-3.7807921,0.00015633,0.03040524,CvsHigh,XM_015916851.1,melanotransferrin-like,Acropora digitifera,187,2.00E-42,NA,NA,NA,NA,NA,6XR0: Entity 3: Chain M,Crystal Structure of Human Melanotransferrin in complex with SC57.32 Fab,Homo sapiens,Melanotransferrin,3.02E-51
Plobata,Hawaii,plut2.m8.12181,,GO:0005871,0.00639865,0.99945113,3,45,kinesin complex,,CC,12.8314934,-1.9781478,0.41281598,-4.7918391,1.65E-06,0.00072549,CvsMid,XM_020774641.1,tetratricopeptide repeat protein 28-like,Orbicella faveolata,575,9.00E-159,NA,NA,NA,NA,NA,3NF1: Entity 1: Chain A,Crystal structure of the TPR domain of kinesin light chain 1,Homo sapiens,Kinesin light chain 1,1.04E-32
Plobata,Hawaii,plut2.m8.12181,,GO:0005871,0.00639865,0.99945113,3,45,kinesin complex,,CC,12.8314934,-1.6582544,0.41438261,-4.001747,6.29E-05,0.01379357,CvsHigh,XM_020774641.1,tetratricopeptide repeat protein 28-like,Orbicella faveolata,575,9.00E-159,NA,NA,NA,NA,NA,3NF1: Entity 1: Chain A,Crystal structure of the TPR domain of kinesin light chain 1,Homo sapiens,Kinesin light chain 1,1.04E-32
Plobata,Hawaii,plut2.m8.23335,,GO:0005871,0.00639865,0.99945113,3,45,kinesin complex,,CC,105.485818,0.84390037,0.21955214,3.84373565,0.00012118,0.02418003,CvsHigh,XM_020750088.1,kinesin light chain-like,Orbicella faveolata,419,5.00E-112,NA,NA,NA,NA,NA,5OJ8: Entity 1: Chain A,Crystal structure of the KLC1-TPR domain ([A1-B5] fragment),Homo sapiens,Kinesin light chain 1,2.51E-35
Plobata,Hawaii,plut2.m8.9273,,GO:0005871,0.00639865,0.99945113,3,45,kinesin complex,,CC,17.9391673,-1.6281737,0.37492774,-4.3426332,1.41E-05,0.00360527,CvsMid,XM_020774627.1,tetratricopeptide repeat protein 28-like,Orbicella faveolata,507,6.00E-138,NA,NA,NA,NA,NA,6FV0: Entity 1: Chain A,Crystal structure of the TPR domain of KLC1 in complex with the C-terminal peptide of torsinA,Mus musculus,"Kinesin light chain 1,Torsin-1A",2.70E-34
Plobata,Hawaii,plut2.m8.3794,,GO:0005874,0.00048747,0.99998429,3,18,microtubule,,CC,218.662426,-2.298525,0.19210704,-11.964814,5.43E-33,2.78E-29,CvsHigh,XM_020747170.1,tubulin beta chain-like,Orbicella faveolata,854,0,NM_178014.4,tubulin beta class I (TUBB),Homo sapiens,596,4.00E-167,"5ZXH: Entity 2: Chains B, D",The structure of MT189-tubulin complex,Bos taurus,Tubulin beta-2B chain,8.50E-194
Plobata,Hawaii,plut2.m8.3794,,GO:0005874,0.00048747,0.99998429,3,18,microtubule,,CC,218.662426,-2.5311348,0.19252643,-13.146947,1.77E-39,1.36E-35,CvsMid,XM_020747170.1,tubulin beta chain-like,Orbicella faveolata,854,0,NM_178014.4,tubulin beta class I (TUBB),Homo sapiens,596,4.00E-167,"5ZXH: Entity 2: Chains B, D",The structure of MT189-tubulin complex,Bos taurus,Tubulin beta-2B chain,8.50E-194
Plobata,Hawaii,plut2.m8.7555,,GO:0005874,0.00048747,0.99998429,3,18,microtubule,,CC,203.555668,-2.5138416,0.3484538,-7.2142751,5.42E-13,8.48E-10,CvsMid,XM_020749795.1,tubulin beta chain-like,Orbicella faveolata,1327,0,NM_006087.4,tubulin beta 4A class IVa (TUBB4A),Homo sapiens,1123,0,"2XRP: Entity 1: Chains A, C, E, G",Human Doublecortin N-DC Repeat (1MJD) and Mammalian Tubulin (1JFF and 3HKE) Docked into the 8-Angstrom Cryo-EM Map of Doublecortin- Stabilised Microtubules,Bos taurus,TUBULIN BETA-2B CHAIN,8.14E-283
Plobata,Hawaii,plut2.m8.7555,,GO:0005874,0.00048747,0.99998429,3,18,microtubule,,CC,203.555668,-2.1238952,0.34855013,-6.0935141,1.10E-09,9.98E-07,CvsHigh,XM_020749795.1,tubulin beta chain-like,Orbicella faveolata,1327,0,NM_006087.4,tubulin beta 4A class IVa (TUBB4A),Homo sapiens,1123,0,"2XRP: Entity 1: Chains A, C, E, G",Human Doublecortin N-DC Repeat (1MJD) and Mammalian Tubulin (1JFF and 3HKE) Docked into the 8-Angstrom Cryo-EM Map of Doublecortin- Stabilised Microtubules,Bos taurus,TUBULIN BETA-2B CHAIN,8.14E-283
Plobata,Hawaii,plut2.m8.92,,GO:0005874,0.00048747,0.99998429,3,18,microtubule,,CC,731.379534,-0.578753,0.14148542,-4.0905488,4.30E-05,0.01033185,CvsHigh,XM_020775100.1,uncharacterized,Orbicella faveolata,675,0,NA,NA,NA,NA,NA,"3N2K: Entity 1: Chains A, C",TUBULIN-NSC 613862: RB3 Stathmin-like domain complex,Ovis aries,Tubulin alpha chain,9.93E-237
Plobata,Hawaii,plut2.m8.92,,GO:0005874,0.00048747,0.99998429,3,18,microtubule,,CC,731.379534,-0.6533245,0.14202647,-4.6000193,4.22E-06,0.00144244,CvsMid,XM_020775100.1,uncharacterized,Orbicella faveolata,675,0,NA,NA,NA,NA,NA,"3N2K: Entity 1: Chains A, C",TUBULIN-NSC 613862: RB3 Stathmin-like domain complex,Ovis aries,Tubulin alpha chain,9.93E-237
Plobata,Hawaii,plut2.m8.1212,,GO:0006206,0.00806767,1,1,1,pyrimidine nucleobase metabolic process,,BP,180.485004,0.78262812,0.21896844,3.57415947,0.00035135,0.04952813,CvsMid,XM_020763917.1,kelch-like protein 2,Orbicella faveolata,102,1.00E-17,,,,,,NA,NA,NA,NA,NA
Plobata,Hawaii,plut2.m8.1212,,GO:0006213,0.02631168,0.99982575,1,2,pyrimidine nucleoside metabolic process,,BP,180.485004,0.78262812,0.21896844,3.57415947,0.00035135,0.04952813,CvsMid,XM_020763917.1,kelch-like protein 2,Orbicella faveolata,102,1.00E-17,,,,,,NA,NA,NA,NA,NA
Plobata,Hawaii,plut2.m8.11192,,GO:0006955,0.02238419,0.99849722,2,16,immune response,,BP,183.571028,-1.6396888,0.20741284,-7.9054354,2.67E-15,5.13E-12,CvsHigh,NA,NA,NA,NA,NA,NA,NA,NA,NA,NA,6ZT0: Entity 1: Chain A,Crystal structure of the Eiger TNF domain/Grindelwald extracellular domain complex,Drosophila melanogaster,Protein eiger,0.0001489
Plobata,Hawaii,plut2.m8.11192,,GO:0006955,0.02238419,0.99849722,2,16,immune response,,BP,183.571028,-1.6279627,0.20904729,-7.7875329,6.83E-15,1.50E-11,CvsMid,NA,NA,NA,NA,NA,NA,NA,NA,NA,NA,6ZT0: Entity 1: Chain A,Crystal structure of the Eiger TNF domain/Grindelwald extracellular domain complex,Drosophila melanogaster,Protein eiger,0.0001489
Plobata,Hawaii,plut2.m8.14149,,GO:0006955,0.02238419,0.99849722,2,16,immune response,,BP,516.405313,-5.0986272,1.11512111,-4.5722631,4.82E-06,0.00154445,CvsMid,XM_020762700.1,adiponectin-like,Orbicella faveolata,114,1.00E-20,NA,NA,NA,NA,NA,6ZT0: Entity 1: Chain A,Crystal structure of the Eiger TNF domain/Grindelwald extracellular domain complex,Drosophila melanogaster,Protein eiger,0.0003125
Plobata,Hawaii,plut2.m8.14149,,GO:0006955,0.02238419,0.99849722,2,16,immune response,,BP,516.405313,4.44749568,1.11525458,3.98787484,6.67E-05,0.04989956,MidvsHigh,XM_020762700.1,adiponectin-like,Orbicella faveolata,114,1.00E-20,NA,NA,NA,NA,NA,6ZT0: Entity 1: Chain A,Crystal structure of the Eiger TNF domain/Grindelwald extracellular domain complex,Drosophila melanogaster,Protein eiger,0.0003125
Plobata,Hawaii,plut2.m8.3794,,GO:0007017,0.00060644,0.99997893,3,18,microtubule-based process,,BP,218.662426,-2.298525,0.19210704,-11.964814,5.43E-33,2.78E-29,CvsHigh,XM_020747170.1,tubulin beta chain-like,Orbicella faveolata,854,0,NM_178014.4,tubulin beta class I (TUBB),Homo sapiens,596,4.00E-167,"5ZXH: Entity 2: Chains B, D",The structure of MT189-tubulin complex,Bos taurus,Tubulin beta-2B chain,8.50E-194
Plobata,Hawaii,plut2.m8.3794,,GO:0007017,0.00060644,0.99997893,3,18,microtubule-based process,,BP,218.662426,-2.5311348,0.19252643,-13.146947,1.77E-39,1.36E-35,CvsMid,XM_020747170.1,tubulin beta chain-like,Orbicella faveolata,854,0,NM_178014.4,tubulin beta class I (TUBB),Homo sapiens,596,4.00E-167,"5ZXH: Entity 2: Chains B, D",The structure of MT189-tubulin complex,Bos taurus,Tubulin beta-2B chain,8.50E-194
Plobata,Hawaii,plut2.m8.7555,,GO:0007017,0.00060644,0.99997893,3,18,microtubule-based process,,BP,203.555668,-2.5138416,0.3484538,-7.2142751,5.42E-13,8.48E-10,CvsMid,XM_020749795.1,tubulin beta chain-like,Orbicella faveolata,1327,0,NM_006087.4,tubulin beta 4A class IVa (TUBB4A),Homo sapiens,1123,0,"2XRP: Entity 1: Chains A, C, E, G",Human Doublecortin N-DC Repeat (1MJD) and Mammalian Tubulin (1JFF and 3HKE) Docked into the 8-Angstrom Cryo-EM Map of Doublecortin- Stabilised Microtubules,Bos taurus,TUBULIN BETA-2B CHAIN,8.14E-283
Plobata,Hawaii,plut2.m8.7555,,GO:0007017,0.00060644,0.99997893,3,18,microtubule-based process,,BP,203.555668,-2.1238952,0.34855013,-6.0935141,1.10E-09,9.98E-07,CvsHigh,XM_020749795.1,tubulin beta chain-like,Orbicella faveolata,1327,0,NM_006087.4,tubulin beta 4A class IVa (TUBB4A),Homo sapiens,1123,0,"2XRP: Entity 1: Chains A, C, E, G",Human Doublecortin N-DC Repeat (1MJD) and Mammalian Tubulin (1JFF and 3HKE) Docked into the 8-Angstrom Cryo-EM Map of Doublecortin- Stabilised Microtubules,Bos taurus,TUBULIN BETA-2B CHAIN,8.14E-283
Plobata,Hawaii,plut2.m8.92,,GO:0007017,0.00060644,0.99997893,3,18,microtubule-based process,,BP,731.379534,-0.578753,0.14148542,-4.0905488,4.30E-05,0.01033185,CvsHigh,XM_020775100.1,uncharacterized,Orbicella faveolata,675,0,NA,NA,NA,NA,NA,"3N2K: Entity 1: Chains A, C",TUBULIN-NSC 613862: RB3 Stathmin-like domain complex,Ovis aries,Tubulin alpha chain,9.93E-237
Plobata,Hawaii,plut2.m8.92,,GO:0007017,0.00060644,0.99997893,3,18,microtubule-based process,,BP,731.379534,-0.6533245,0.14202647,-4.6000193,4.22E-06,0.00144244,CvsMid,XM_020775100.1,uncharacterized,Orbicella faveolata,675,0,NA,NA,NA,NA,NA,"3N2K: Entity 1: Chains A, C",TUBULIN-NSC 613862: RB3 Stathmin-like domain complex,Ovis aries,Tubulin alpha chain,9.93E-237
Plobata,Hawaii,plut2.m8.24633,,GO:0008061,0.01120787,0.9994714,2,18,chitin binding,,MF,1485.67812,-4.6377491,0.28003653,-16.561229,1.33E-61,2.04E-57,CvsHigh,XM_027190886.1,hevamine-A-like,Pocillopora damicornis,280,2.00E-70,NA,NA,NA,NA,NA,4TXE: Entity 1: Chain A,ScCTS1 in complex with compound 5,Saccharomyces cerevisiae,Endochitinase,2.05E-54
Plobata,Hawaii,plut2.m8.24633,,GO:0008061,0.01120787,0.9994714,2,18,chitin binding,,MF,1485.67812,-5.0532576,0.28001334,-18.046489,8.41E-73,1.29E-68,CvsMid,XM_027190886.1,hevamine-A-like,Pocillopora damicornis,280,2.00E-70,NA,NA,NA,NA,NA,4TXE: Entity 1: Chain A,ScCTS1 in complex with compound 5,Saccharomyces cerevisiae,Endochitinase,2.05E-54
Plobata,Hawaii,plut2.m8.7220,,GO:0008061,0.01120787,0.9994714,2,18,chitin binding,,MF,25.7778299,-3.6953372,0.40441763,-9.1374286,6.40E-20,1.64E-16,CvsHigh,XM_020750209.1,probable chitinase 3,Orbicella faveolata,74.3,1.00E-08,NA,NA,NA,NA,NA,"6G9E: Entity 1: Chains A, B, C, D, E, F",Crystal structure of immunomodulatory active chitinase from Trichuris suis - TsES1 - 6 molecules in ASU,Trichuris suis,Immunomodulatory active chitinase,7.53E-13
Plobata,Hawaii,plut2.m8.7220,,GO:0008061,0.01120787,0.9994714,2,18,chitin binding,,MF,25.7778299,-3.2910173,0.41513142,-7.9276517,2.23E-15,5.72E-12,CvsMid,XM_020750209.1,probable chitinase 3,Orbicella faveolata,74.3,1.00E-08,NA,NA,NA,NA,NA,"6G9E: Entity 1: Chains A, B, C, D, E, F",Crystal structure of immunomodulatory active chitinase from Trichuris suis - TsES1 - 6 molecules in ASU,Trichuris suis,Immunomodulatory active chitinase,7.53E-13
Plobata,Hawaii,plut2.m8.7016,,GO:0008131,0.03151884,0.99962494,1,4,primary amine oxidase activity,,MF,273.33127,-0.9098845,0.2130483,-4.27079,1.95E-05,0.02809402,MidvsHigh,XR_003824978.1,amiloride-sensitive amine oxidase [copper-containing] pseudogene,Acropora millepora,1533,0,NM_001091.4,amine oxidase copper containing 1 (AOC1),Homo sapiens,82.4,3.00E-12,"3HII: Entity 1: Chains A, B",Crystal structure of human diamine oxidase in complex with the inhibitor pentamidine,Homo sapiens,Amiloride-sensitive amine oxidase,1.98E-176
Plobata,Hawaii,plut2.m8.31969,,GO:0008234,0.041859,0.99585907,2,33,cysteine-type peptidase activity,,MF,49.3260032,-2.3608662,0.41529449,-5.6848003,1.31E-08,1.01E-05,CvsMid,XR_001560371.1,uncharacterized,Acropora digitifera,128,6.00E-25,NM_001336.4,cathepsin Z (CTSZ),Homo sapiens,84.2,3.00E-13,"1EF7: Entity 1: Chains A, B",CRYSTAL STRUCTURE OF HUMAN CATHEPSIN X,Homo sapiens,CATHEPSIN X,5.51E-62
Plobata,Hawaii,plut2.m8.31969,,GO:0008234,0.041859,0.99585907,2,33,cysteine-type peptidase activity,,MF,49.3260032,-2.7699807,0.4090789,-6.7712626,1.28E-11,1.51E-08,CvsHigh,XR_001560371.1,uncharacterized,Acropora digitifera,128,6.00E-25,NM_001336.4,cathepsin Z (CTSZ),Homo sapiens,84.2,3.00E-13,"1EF7: Entity 1: Chains A, B",CRYSTAL STRUCTURE OF HUMAN CATHEPSIN X,Homo sapiens,CATHEPSIN X,5.51E-62
Plobata,Hawaii,plut2.m8.3544,,GO:0008234,0.041859,0.99585907,2,33,cysteine-type peptidase activity,,MF,452.577181,-1.0129997,0.20722973,-4.8882934,1.02E-06,0.00055815,CvsHigh,XM_022952002.1,dipeptidyl peptidase 1-like,Stylophora pistillata,497,1.00E-135,NM_001814.6,cathepsin C (CTSC),Homo sapiens,148,8.00E-32,3PDF: Entity 1: Chain A,Discovery of Novel Cyanamide-Based Inhibitors of Cathepsin C,Homo sapiens,Dipeptidyl peptidase 1,1.17E-149
Plobata,Hawaii,plut2.m8.7016,,GO:0009308,0.03151884,0.99962494,1,4,amine metabolic process,,BP,273.33127,-0.9098845,0.2130483,-4.27079,1.95E-05,0.02809402,MidvsHigh,XR_003824978.1,amiloride-sensitive amine oxidase [copper-containing] pseudogene,Acropora millepora,1533,0,NM_001091.4,amine oxidase copper containing 1 (AOC1),Homo sapiens,82.4,3.00E-12,"3HII: Entity 1: Chains A, B",Crystal structure of human diamine oxidase in complex with the inhibitor pentamidine,Homo sapiens,Amiloride-sensitive amine oxidase,1.98E-176
Plobata,Hawaii,plut2.m8.7016,,GO:0048038,0.04763508,0.9990428,1,6,quinone binding,,MF,273.33127,-0.9098845,0.2130483,-4.27079,1.95E-05,0.02809402,MidvsHigh,XR_003824978.1,amiloride-sensitive amine oxidase [copper-containing] pseudogene,Acropora millepora,1533,0,NM_001091.4,amine oxidase copper containing 1 (AOC1),Homo sapiens,82.4,3.00E-12,"3HII: Entity 1: Chains A, B",Crystal structure of human diamine oxidase in complex with the inhibitor pentamidine,Homo sapiens,Amiloride-sensitive amine oxidase,1.98E-176
Plobata,Hawaii,plut2.m8.5539,,GO:0140021,0.01944596,0.99990516,1,2,mitochondrial ADP transmembrane transport,,BP,74.8659166,-3.0363585,0.73036196,-4.1573339,3.22E-05,0.00706753,CvsMid,XM_020754493.1,"ADP,ATP carrier protein 3, mitochondrial-like",Orbicella faveolata,857,0,NG_009280.2,solute carrier family 25 member 5 pseudogene 7 (SLC25A5P7) on chromosome 6,Homo sapiens,80.6,6.00E-12,4C9G: Entity 1: Chain A,Structure of yeast mitochondrial ADP/ATP carrier isoform 2 inhibited by carboxyatractyloside (C2221 crystal form),Saccharomyces cerevisiae,"ADP, ATP CARRIER PROTEIN 2",9.03E-119
Plobata,Hawaii,plut2.m8.5539,,GO:0140021,0.01944596,0.99990516,1,2,mitochondrial ADP transmembrane transport,,BP,74.8659166,2.93025402,0.73642155,3.97904437,6.92E-05,0.04989956,MidvsHigh,XM_020754493.1,"ADP,ATP carrier protein 3, mitochondrial-like",Orbicella faveolata,857,0,NG_009280.2,solute carrier family 25 member 5 pseudogene 7 (SLC25A5P7) on chromosome 6,Homo sapiens,80.6,6.00E-12,4C9G: Entity 1: Chain A,Structure of yeast mitochondrial ADP/ATP carrier isoform 2 inhibited by carboxyatractyloside (C2221 crystal form),Saccharomyces cerevisiae,"ADP, ATP CARRIER PROTEIN 2",9.03E-119
Plobata,Hawaii,plut2.m8.5539,,GO:1990544,0.01944596,0.99990516,1,2,mitochondrial ATP transmembrane transport,,BP,74.8659166,-3.0363585,0.73036196,-4.1573339,3.22E-05,0.00706753,CvsMid,XM_020754493.1,"ADP,ATP carrier protein 3, mitochondrial-like",Orbicella faveolata,857,0,NG_009280.2,solute carrier family 25 member 5 pseudogene 7 (SLC25A5P7) on chromosome 6,Homo sapiens,80.6,6.00E-12,4C9G: Entity 1: Chain A,Structure of yeast mitochondrial ADP/ATP carrier isoform 2 inhibited by carboxyatractyloside (C2221 crystal form),Saccharomyces cerevisiae,"ADP, ATP CARRIER PROTEIN 2",9.03E-119
Plobata,Hawaii,plut2.m8.5539,,GO:1990544,0.01944596,0.99990516,1,2,mitochondrial ATP transmembrane transport,,BP,74.8659166,2.93025402,0.73642155,3.97904437,6.92E-05,0.04989956,MidvsHigh,XM_020754493.1,"ADP,ATP carrier protein 3, mitochondrial-like",Orbicella faveolata,857,0,NG_009280.2,solute carrier family 25 member 5 pseudogene 7 (SLC25A5P7) on chromosome 6,Homo sapiens,80.6,6.00E-12,4C9G: Entity 1: Chain A,Structure of yeast mitochondrial ADP/ATP carrier isoform 2 inhibited by carboxyatractyloside (C2221 crystal form),Saccharomyces cerevisiae,"ADP, ATP CARRIER PROTEIN 2",9.03E-119